target,year,title,source,t_x,t_y,ab_x,ab_y,k_x,k_y
681,2010,backchannel. large-scal.,881,-1.79888851311,-1.17037351379,-7.73929509365,2.06375236134,9.23416607234,5.94568392137,
681,2010,backchannel. large-scal.,1086,-1.79888851311,-1.17037351379,-7.73929509365,2.06375236134,9.23416607234,5.94568392137,
681,2010,backchannel. large-scal.,979,-1.79888851311,-1.17037351379,-7.73929509365,2.06375236134,9.23416607234,5.94568392137,
681,2010,backchannel. large-scal.,982,-1.79888851311,-1.17037351379,-7.73929509365,2.06375236134,9.23416607234,5.94568392137,
681,2010,backchannel. large-scal.,1352,-1.79888851311,-1.17037351379,-7.73929509365,2.06375236134,9.23416607234,5.94568392137,
681,2010,backchannel. large-scal.,1649,-1.79888851311,-1.17037351379,-7.73929509365,2.06375236134,9.23416607234,5.94568392137,
681,2010,backchannel. large-scal.,1018,-1.79888851311,-1.17037351379,-7.73929509365,2.06375236134,9.23416607234,5.94568392137,
681,2010,backchannel. large-scal.,860,-1.79888851311,-1.17037351379,-7.73929509365,2.06375236134,9.23416607234,5.94568392137,
683,2010,behavior. framework. visual.,1496,-4.84937293878,0.318151963139,-6.20948939934,4.22564427478,9.26362157432,6.13019405625,
683,2010,behavior. framework. visual.,2379,-4.84937293878,0.318151963139,-6.20948939934,4.22564427478,9.26362157432,6.13019405625,
683,2010,behavior. framework. visual.,2214,-4.84937293878,0.318151963139,-6.20948939934,4.22564427478,9.26362157432,6.13019405625,
683,2010,behavior. framework. visual.,814,-4.84937293878,0.318151963139,-6.20948939934,4.22564427478,9.26362157432,6.13019405625,
684,2010,compar analysi. multidimension. quantit data.,2338,13.1677131603,2.59497106025,-8.24662211069,-1.45674256749,3.13038037339,-12.5101225827,
684,2010,compar analysi. multidimension. quantit data.,2726,13.1677131603,2.59497106025,-8.24662211069,-1.45674256749,3.13038037339,-12.5101225827,
684,2010,compar analysi. multidimension. quantit data.,1219,13.1677131603,2.59497106025,-8.24662211069,-1.45674256749,3.13038037339,-12.5101225827,
684,2010,compar analysi. multidimension. quantit data.,1087,13.1677131603,2.59497106025,-8.24662211069,-1.45674256749,3.13038037339,-12.5101225827,
684,2010,compar analysi. multidimension. quantit data.,1106,13.1677131603,2.59497106025,-8.24662211069,-1.45674256749,3.13038037339,-12.5101225827,
684,2010,compar analysi. multidimension. quantit data.,833,13.1677131603,2.59497106025,-8.24662211069,-1.45674256749,3.13038037339,-12.5101225827,
684,2010,compar analysi. multidimension. quantit data.,1950,13.1677131603,2.59497106025,-8.24662211069,-1.45674256749,3.13038037339,-12.5101225827,
685,2010,languag design. interact visual.,835,-3.27672445957,9.62275021729,-12.5457855643,0.384728838014,9.09144394967,5.33290881104,
685,2010,languag design. interact visual.,1226,-3.27672445957,9.62275021729,-12.5457855643,0.384728838014,9.09144394967,5.33290881104,
685,2010,languag design. interact visual.,1457,-3.27672445957,9.62275021729,-12.5457855643,0.384728838014,9.09144394967,5.33290881104,
685,2010,languag design. interact visual.,1093,-3.27672445957,9.62275021729,-12.5457855643,0.384728838014,9.09144394967,5.33290881104,
685,2010,languag design. interact visual.,820,-3.27672445957,9.62275021729,-12.5457855643,0.384728838014,9.09144394967,5.33290881104,
685,2010,languag design. interact visual.,2586,-3.27672445957,9.62275021729,-12.5457855643,0.384728838014,9.09144394967,5.33290881104,
685,2010,languag design. interact visual.,844,-3.27672445957,9.62275021729,-12.5457855643,0.384728838014,9.09144394967,5.33290881104,
685,2010,languag design. interact visual.,813,-3.27672445957,9.62275021729,-12.5457855643,0.384728838014,9.09144394967,5.33290881104,
685,2010,languag design. interact visual.,1084,-3.27672445957,9.62275021729,-12.5457855643,0.384728838014,9.09144394967,5.33290881104,
685,2010,languag design. interact visual.,1496,-3.27672445957,9.62275021729,-12.5457855643,0.384728838014,9.09144394967,5.33290881104,
685,2010,languag design. interact visual.,1950,-3.27672445957,9.62275021729,-12.5457855643,0.384728838014,9.09144394967,5.33290881104,
686,2010,eseetrack. amp. sequenti. fixat. pattern.,816,-5.8157521234,-9.43895654441,-4.78454992648,-1.27169895997,5.20128067609,-15.1553635495,
686,2010,eseetrack. amp. sequenti. fixat. pattern.,839,-5.8157521234,-9.43895654441,-4.78454992648,-1.27169895997,5.20128067609,-15.1553635495,
686,2010,eseetrack. amp. sequenti. fixat. pattern.,981,-5.8157521234,-9.43895654441,-4.78454992648,-1.27169895997,5.20128067609,-15.1553635495,
687,2010,impact. task. block. resolut. effect. pixel-bas visual.,2415,-13.5634644697,2.94872155506,-0.404190780347,-5.49403269603,2.39435918015,-0.972407659116,
688,2010,visual. rich text corpus.,1214,0.958793014022,-4.42105610421,-11.8018700471,1.26742238285,-2.05091837568,1.10751981758,
688,2010,visual. rich text corpus.,881,0.958793014022,-4.42105610421,-11.8018700471,1.26742238285,-2.05091837568,1.10751981758,
688,2010,visual. rich text corpus.,1952,0.958793014022,-4.42105610421,-11.8018700471,1.26742238285,-2.05091837568,1.10751981758,
688,2010,visual. rich text corpus.,824,0.958793014022,-4.42105610421,-11.8018700471,1.26742238285,-2.05091837568,1.10751981758,
688,2010,visual. rich text corpus.,967,0.958793014022,-4.42105610421,-11.8018700471,1.26742238285,-2.05091837568,1.10751981758,
688,2010,visual. rich text corpus.,981,0.958793014022,-4.42105610421,-11.8018700471,1.26742238285,-2.05091837568,1.10751981758,
688,2010,visual. rich text corpus.,823,0.958793014022,-4.42105610421,-11.8018700471,1.26742238285,-2.05091837568,1.10751981758,
688,2010,visual. rich text corpus.,834,0.958793014022,-4.42105610421,-11.8018700471,1.26742238285,-2.05091837568,1.10751981758,
688,2010,visual. rich text corpus.,1357,0.958793014022,-4.42105610421,-11.8018700471,1.26742238285,-2.05091837568,1.10751981758,
688,2010,visual. rich text corpus.,1218,0.958793014022,-4.42105610421,-11.8018700471,1.26742238285,-2.05091837568,1.10751981758,
688,2010,visual. rich text corpus.,1219,0.958793014022,-4.42105610421,-11.8018700471,1.26742238285,-2.05091837568,1.10751981758,
688,2010,visual. rich text corpus.,2201,0.958793014022,-4.42105610421,-11.8018700471,1.26742238285,-2.05091837568,1.10751981758,
688,2010,visual. rich text corpus.,832,0.958793014022,-4.42105610421,-11.8018700471,1.26742238285,-2.05091837568,1.10751981758,
688,2010,visual. rich text corpus.,2410,0.958793014022,-4.42105610421,-11.8018700471,1.26742238285,-2.05091837568,1.10751981758,
688,2010,visual. rich text corpus.,1229,0.958793014022,-4.42105610421,-11.8018700471,1.26742238285,-2.05091837568,1.10751981758,
689,2010,system. larg.,1747,-0.707013308238,5.43843078807,-10.9062282231,-0.765026468845,3.49606581436,2.20140282584,
689,2010,system. larg.,1342,-0.707013308238,5.43843078807,-10.9062282231,-0.765026468845,3.49606581436,2.20140282584,
690,2010,graphic infer. infovi.,1093,-11.7442505677,-15.788285037,-9.36830927666,-0.695939910769,4.82646592259,-12.9414125931,
691,2010,percept. multipl time seri.,979,2.44916877918,3.25821215911,-7.81959044689,3.93549739892,2.28288903528,-0.358519912639,
691,2010,percept. multipl time seri.,1096,2.44916877918,3.25821215911,-7.81959044689,3.93549739892,2.28288903528,-0.358519912639,
691,2010,percept. multipl time seri.,1082,2.44916877918,3.25821215911,-7.81959044689,3.93549739892,2.28288903528,-0.358519912639,
691,2010,percept. multipl time seri.,2033,2.44916877918,3.25821215911,-7.81959044689,3.93549739892,2.28288903528,-0.358519912639,
691,2010,percept. multipl time seri.,963,2.44916877918,3.25821215911,-7.81959044689,3.93549739892,2.28288903528,-0.358519912639,
691,2010,percept. multipl time seri.,1353,2.44916877918,3.25821215911,-7.81959044689,3.93549739892,2.28288903528,-0.358519912639,
692,2010,gremlin. visual model. analyz genom.,835,4.13853334198,1.24119166781,-7.22846435281,1.75845870362,9.23453889555,6.12166962977,
692,2010,gremlin. visual model. analyz genom.,833,4.13853334198,1.24119166781,-7.22846435281,1.75845870362,9.23453889555,6.12166962977,
693,2010,inform visual novic construct visual.,1101,-1.59746467373,-22.5313669464,-11.7977008471,-2.3983558156,1.08618951518,8.26273253223,
693,2010,inform visual novic construct visual.,1223,-1.59746467373,-22.5313669464,-11.7977008471,-2.3983558156,1.08618951518,8.26273253223,
693,2010,inform visual novic construct visual.,1086,-1.59746467373,-22.5313669464,-11.7977008471,-2.3983558156,1.08618951518,8.26273253223,
693,2010,inform visual novic construct visual.,863,-1.59746467373,-22.5313669464,-11.7977008471,-2.3983558156,1.08618951518,8.26273253223,
693,2010,inform visual novic construct visual.,959,-1.59746467373,-22.5313669464,-11.7977008471,-2.3983558156,1.08618951518,8.26273253223,
693,2010,inform visual novic construct visual.,1260,-1.59746467373,-22.5313669464,-11.7977008471,-2.3983558156,1.08618951518,8.26273253223,
693,2010,inform visual novic construct visual.,1093,-1.59746467373,-22.5313669464,-11.7977008471,-2.3983558156,1.08618951518,8.26273253223,
693,2010,inform visual novic construct visual.,996,-1.59746467373,-22.5313669464,-11.7977008471,-2.3983558156,1.08618951518,8.26273253223,
693,2010,inform visual novic construct visual.,995,-1.59746467373,-22.5313669464,-11.7977008471,-2.3983558156,1.08618951518,8.26273253223,
693,2010,inform visual novic construct visual.,1082,-1.59746467373,-22.5313669464,-11.7977008471,-2.3983558156,1.08618951518,8.26273253223,
693,2010,inform visual novic construct visual.,1343,-1.59746467373,-22.5313669464,-11.7977008471,-2.3983558156,1.08618951518,8.26273253223,
693,2010,inform visual novic construct visual.,2122,-1.59746467373,-22.5313669464,-11.7977008471,-2.3983558156,1.08618951518,8.26273253223,
693,2010,inform visual novic construct visual.,1099,-1.59746467373,-22.5313669464,-11.7977008471,-2.3983558156,1.08618951518,8.26273253223,
693,2010,inform visual novic construct visual.,1950,-1.59746467373,-22.5313669464,-11.7977008471,-2.3983558156,1.08618951518,8.26273253223,
693,2010,inform visual novic construct visual.,1840,-1.59746467373,-22.5313669464,-11.7977008471,-2.3983558156,1.08618951518,8.26273253223,
693,2010,inform visual novic construct visual.,1937,-1.59746467373,-22.5313669464,-11.7977008471,-2.3983558156,1.08618951518,8.26273253223,
693,2010,inform visual novic construct visual.,968,-1.59746467373,-22.5313669464,-11.7977008471,-2.3983558156,1.08618951518,8.26273253223,
694,2010,law. attract. perceptu forc. conceptu similar.,963,-13.6229291974,-19.8384140313,-9.25955317984,0.28496698803,6.2739879693,1.8722923101,
695,2010,maniwordl. flexibl control. wordl.,1086,-8.88816673098,-8.60033681285,-5.2317850801,6.87593804285,2.60203214214,-2.106155676,
695,2010,maniwordl. flexibl control. wordl.,1101,-8.88816673098,-8.60033681285,-5.2317850801,6.87593804285,2.60203214214,-2.106155676,
695,2010,maniwordl. flexibl control. wordl.,834,-8.88816673098,-8.60033681285,-5.2317850801,6.87593804285,2.60203214214,-2.106155676,
695,2010,maniwordl. flexibl control. wordl.,881,-8.88816673098,-8.60033681285,-5.2317850801,6.87593804285,2.60203214214,-2.106155676,
695,2010,maniwordl. flexibl control. wordl.,1625,-8.88816673098,-8.60033681285,-5.2317850801,6.87593804285,2.60203214214,-2.106155676,
696,2010,salienc. confid. plot. uncertain data.,1039,11.6831116942,7.33387959444,-6.87905610582,-0.809241715097,3.83812297773,-3.51395419025,
696,2010,salienc. confid. plot. uncertain data.,1857,11.6831116942,7.33387959444,-6.87905610582,-0.809241715097,3.83812297773,-3.51395419025,
696,2010,salienc. confid. plot. uncertain data.,1068,11.6831116942,7.33387959444,-6.87905610582,-0.809241715097,3.83812297773,-3.51395419025,
696,2010,salienc. confid. plot. uncertain data.,837,11.6831116942,7.33387959444,-6.87905610582,-0.809241715097,3.83812297773,-3.51395419025,
696,2010,salienc. confid. plot. uncertain data.,1759,11.6831116942,7.33387959444,-6.87905610582,-0.809241715097,3.83812297773,-3.51395419025,
696,2010,salienc. confid. plot. uncertain data.,916,11.6831116942,7.33387959444,-6.87905610582,-0.809241715097,3.83812297773,-3.51395419025,
696,2010,salienc. confid. plot. uncertain data.,2074,11.6831116942,7.33387959444,-6.87905610582,-0.809241715097,3.83812297773,-3.51395419025,
696,2010,salienc. confid. plot. uncertain data.,907,11.6831116942,7.33387959444,-6.87905610582,-0.809241715097,3.83812297773,-3.51395419025,
696,2010,salienc. confid. plot. uncertain data.,1308,11.6831116942,7.33387959444,-6.87905610582,-0.809241715097,3.83812297773,-3.51395419025,
696,2010,salienc. confid. plot. uncertain data.,1450,11.6831116942,7.33387959444,-6.87905610582,-0.809241715097,3.83812297773,-3.51395419025,
696,2010,salienc. confid. plot. uncertain data.,2526,11.6831116942,7.33387959444,-6.87905610582,-0.809241715097,3.83812297773,-3.51395419025,
696,2010,salienc. confid. plot. uncertain data.,977,11.6831116942,7.33387959444,-6.87905610582,-0.809241715097,3.83812297773,-3.51395419025,
696,2010,salienc. confid. plot. uncertain data.,909,11.6831116942,7.33387959444,-6.87905610582,-0.809241715097,3.83812297773,-3.51395419025,
697,2010,model. visual reason. interact. inform visual. top-down perspect.,842,-4.55821538384,9.37778316282,-10.2275687141,0.816048421738,8.50900210569,5.47738715197,
697,2010,model. visual reason. interact. inform visual. top-down perspect.,975,-4.55821538384,9.37778316282,-10.2275687141,0.816048421738,8.50900210569,5.47738715197,
697,2010,model. visual reason. interact. inform visual. top-down perspect.,1840,-4.55821538384,9.37778316282,-10.2275687141,0.816048421738,8.50900210569,5.47738715197,
697,2010,model. visual reason. interact. inform visual. top-down perspect.,812,-4.55821538384,9.37778316282,-10.2275687141,0.816048421738,8.50900210569,5.47738715197,
697,2010,model. visual reason. interact. inform visual. top-down perspect.,1101,-4.55821538384,9.37778316282,-10.2275687141,0.816048421738,8.50900210569,5.47738715197,
697,2010,model. visual reason. interact. inform visual. top-down perspect.,838,-4.55821538384,9.37778316282,-10.2275687141,0.816048421738,8.50900210569,5.47738715197,
697,2010,model. visual reason. interact. inform visual. top-down perspect.,959,-4.55821538384,9.37778316282,-10.2275687141,0.816048421738,8.50900210569,5.47738715197,
697,2010,model. visual reason. interact. inform visual. top-down perspect.,980,-4.55821538384,9.37778316282,-10.2275687141,0.816048421738,8.50900210569,5.47738715197,
697,2010,model. visual reason. interact. inform visual. top-down perspect.,962,-4.55821538384,9.37778316282,-10.2275687141,0.816048421738,8.50900210569,5.47738715197,
697,2010,model. visual reason. interact. inform visual. top-down perspect.,995,-4.55821538384,9.37778316282,-10.2275687141,0.816048421738,8.50900210569,5.47738715197,
698,2010,multeesum. tool. compar spatial. tempor gene express data.,1226,10.7831695067,8.47550725022,-9.6037788171,-6.29778097289,4.72118987256,-12.8607892017,
698,2010,multeesum. tool. compar spatial. tempor gene express data.,1096,10.7831695067,8.47550725022,-9.6037788171,-6.29778097289,4.72118987256,-12.8607892017,
698,2010,multeesum. tool. compar spatial. tempor gene express data.,1097,10.7831695067,8.47550725022,-9.6037788171,-6.29778097289,4.72118987256,-12.8607892017,
698,2010,multeesum. tool. compar spatial. tempor gene express data.,833,10.7831695067,8.47550725022,-9.6037788171,-6.29778097289,4.72118987256,-12.8607892017,
699,2010,narr visual.,1093,-11.8420125144,-17.7713421065,-2.91117157294,2.30497296061,0.0981129650704,4.45957968285,
699,2010,narr visual.,1084,-11.8420125144,-17.7713421065,-2.91117157294,2.30497296061,0.0981129650704,4.45957968285,
699,2010,narr visual.,968,-11.8420125144,-17.7713421065,-2.91117157294,2.30497296061,0.0981129650704,4.45957968285,
699,2010,narr visual.,1136,-11.8420125144,-17.7713421065,-2.91117157294,2.30497296061,0.0981129650704,4.45957968285,
700,2010,necklac. map.,1491,-1.92458493717,0.956318705997,-4.83725642451,0.801611629283,3.05225574901,-15.5055695748,
700,2010,necklac. map.,978,-1.92458493717,0.956318705997,-4.83725642451,0.801611629283,3.05225574901,-15.5055695748,
701,2010,opinion. visual. hotel custom feedback.,1259,-13.536379794,-19.0336990849,-11.5455952032,0.31883996063,-2.00993116495,-8.6722489594,
701,2010,opinion. visual. hotel custom feedback.,834,-13.536379794,-19.0336990849,-11.5455952032,0.31883996063,-2.00993116495,-8.6722489594,
701,2010,opinion. visual. hotel custom feedback.,848,-13.536379794,-19.0336990849,-11.5455952032,0.31883996063,-2.00993116495,-8.6722489594,
701,2010,opinion. visual. hotel custom feedback.,986,-13.536379794,-19.0336990849,-11.5455952032,0.31883996063,-2.00993116495,-8.6722489594,
701,2010,opinion. visual. hotel custom feedback.,900,-13.536379794,-19.0336990849,-11.5455952032,0.31883996063,-2.00993116495,-8.6722489594,
701,2010,opinion. visual. hotel custom feedback.,1749,-13.536379794,-19.0336990849,-11.5455952032,0.31883996063,-2.00993116495,-8.6722489594,
702,2010,parallel coordin.,1338,-2.67745947542,-2.97932223208,-10.9237037012,-3.8043121186,3.93528304941,-3.43731645941,
702,2010,parallel coordin.,1217,-2.67745947542,-2.97932223208,-10.9237037012,-3.8043121186,3.93528304941,-3.43731645941,
702,2010,parallel coordin.,2726,-2.67745947542,-2.97932223208,-10.9237037012,-3.8043121186,3.93528304941,-3.43731645941,
702,2010,parallel coordin.,1252,-2.67745947542,-2.97932223208,-10.9237037012,-3.8043121186,3.93528304941,-3.43731645941,
702,2010,parallel coordin.,856,-2.67745947542,-2.97932223208,-10.9237037012,-3.8043121186,3.93528304941,-3.43731645941,
702,2010,parallel coordin.,1343,-2.67745947542,-2.97932223208,-10.9237037012,-3.8043121186,3.93528304941,-3.43731645941,
702,2010,parallel coordin.,2132,-2.67745947542,-2.97932223208,-10.9237037012,-3.8043121186,3.93528304941,-3.43731645941,
702,2010,parallel coordin.,2224,-2.67745947542,-2.97932223208,-10.9237037012,-3.8043121186,3.93528304941,-3.43731645941,
703,2010,pedvi. structur. techniqu. pedigre visual.,976,-3.77051180067,3.80712692478,-8.70118341958,4.67088290401,7.74029312292,-14.4876814318,
703,2010,pedvi. structur. techniqu. pedigre visual.,970,-3.77051180067,3.80712692478,-8.70118341958,4.67088290401,7.74029312292,-14.4876814318,
703,2010,pedvi. structur. techniqu. pedigre visual.,1342,-3.77051180067,3.80712692478,-8.70118341958,4.67088290401,7.74029312292,-14.4876814318,
703,2010,pedvi. structur. techniqu. pedigre visual.,1647,-3.77051180067,3.80712692478,-8.70118341958,4.67088290401,7.74029312292,-14.4876814318,
703,2010,pedvi. structur. techniqu. pedigre visual.,2685,-3.77051180067,3.80712692478,-8.70118341958,4.67088290401,7.74029312292,-14.4876814318,
703,2010,pedvi. structur. techniqu. pedigre visual.,1736,-3.77051180067,3.80712692478,-8.70118341958,4.67088290401,7.74029312292,-14.4876814318,
703,2010,pedvi. structur. techniqu. pedigre visual.,1753,-3.77051180067,3.80712692478,-8.70118341958,4.67088290401,7.74029312292,-14.4876814318,
703,2010,pedvi. structur. techniqu. pedigre visual.,2220,-3.77051180067,3.80712692478,-8.70118341958,4.67088290401,7.74029312292,-14.4876814318,
704,2010,guidelin. creat rectangular treemap.,1941,-10.4276149099,-13.487488413,-3.89100552251,5.56213350097,0.366511235126,9.37920895148,
704,2010,guidelin. creat rectangular treemap.,1327,-10.4276149099,-13.487488413,-3.89100552251,5.56213350097,0.366511235126,9.37920895148,
704,2010,guidelin. creat rectangular treemap.,1502,-10.4276149099,-13.487488413,-3.89100552251,5.56213350097,0.366511235126,9.37920895148,
704,2010,guidelin. creat rectangular treemap.,1353,-10.4276149099,-13.487488413,-3.89100552251,5.56213350097,0.366511235126,9.37920895148,
704,2010,guidelin. creat rectangular treemap.,1096,-10.4276149099,-13.487488413,-3.89100552251,5.56213350097,0.366511235126,9.37920895148,
704,2010,guidelin. creat rectangular treemap.,1855,-10.4276149099,-13.487488413,-3.89100552251,5.56213350097,0.366511235126,9.37920895148,
704,2010,guidelin. creat rectangular treemap.,1839,-10.4276149099,-13.487488413,-3.89100552251,5.56213350097,0.366511235126,9.37920895148,
704,2010,guidelin. creat rectangular treemap.,980,-10.4276149099,-13.487488413,-3.89100552251,5.56213350097,0.366511235126,9.37920895148,
704,2010,guidelin. creat rectangular treemap.,2035,-10.4276149099,-13.487488413,-3.89100552251,5.56213350097,0.366511235126,9.37920895148,
704,2010,guidelin. creat rectangular treemap.,1740,-10.4276149099,-13.487488413,-3.89100552251,5.56213350097,0.366511235126,9.37920895148,
705,2010,map legend. visual.,1089,-1.92300752718,0.955552603652,-5.65009370602,0.738213172119,0.445730270722,9.24467790316,
705,2010,map legend. visual.,978,-1.92300752718,0.955552603652,-5.65009370602,0.738213172119,0.445730270722,9.24467790316,
705,2010,map legend. visual.,1084,-1.92300752718,0.955552603652,-5.65009370602,0.738213172119,0.445730270722,9.24467790316,
705,2010,map legend. visual.,1236,-1.92300752718,0.955552603652,-5.65009370602,0.738213172119,0.445730270722,9.24467790316,
705,2010,map legend. visual.,1942,-1.92300752718,0.955552603652,-5.65009370602,0.738213172119,0.445730270722,9.24467790316,
705,2010,map legend. visual.,1097,-1.92300752718,0.955552603652,-5.65009370602,0.738213172119,0.445730270722,9.24467790316,
705,2010,map legend. visual.,820,-1.92300752718,0.955552603652,-5.65009370602,0.738213172119,0.445730270722,9.24467790316,
706,2010,focus+context appli. electron time seri.,876,0.999895027735,2.94946694284,-8.76051938282,2.46197240151,4.73065035941,0.066238886354,
707,2010,tag cloud.,834,-14.6083502069,-20.6436499579,-12.0368534467,1.68733793664,2.28251546987,-0.358481845473,
707,2010,tag cloud.,1333,-14.6083502069,-20.6436499579,-12.0368534467,1.68733793664,2.28251546987,-0.358481845473,
707,2010,tag cloud.,1097,-14.6083502069,-20.6436499579,-12.0368534467,1.68733793664,2.28251546987,-0.358481845473,
708,2010,,1345,-13.4827790115,-17.315331181,-7.85987685723,-1.31173396785,3.77613349557,-11.1733842396,
708,2010,,1347,-13.4827790115,-17.315331181,-7.85987685723,-1.31173396785,3.77613349557,-11.1733842396,
708,2010,,916,-13.4827790115,-17.315331181,-7.85987685723,-1.31173396785,3.77613349557,-11.1733842396,
708,2010,,2407,-13.4827790115,-17.315331181,-7.85987685723,-1.31173396785,3.77613349557,-11.1733842396,
708,2010,,2685,-13.4827790115,-17.315331181,-7.85987685723,-1.31173396785,3.77613349557,-11.1733842396,
708,2010,,1333,-13.4827790115,-17.315331181,-7.85987685723,-1.31173396785,3.77613349557,-11.1733842396,
708,2010,,1500,-13.4827790115,-17.315331181,-7.85987685723,-1.31173396785,3.77613349557,-11.1733842396,
708,2010,,1952,-13.4827790115,-17.315331181,-7.85987685723,-1.31173396785,3.77613349557,-11.1733842396,
709,2010,flowvizmenu. parallel scatterplot matrix. multidimension visual. network explor.,829,4.84590807793,7.61990867906,-6.29320773543,6.59699599634,3.92941512124,-3.42720443398,
709,2010,flowvizmenu. parallel scatterplot matrix. multidimension visual. network explor.,1338,4.84590807793,7.61990867906,-6.29320773543,6.59699599634,3.92941512124,-3.42720443398,
709,2010,flowvizmenu. parallel scatterplot matrix. multidimension visual. network explor.,1208,4.84590807793,7.61990867906,-6.29320773543,6.59699599634,3.92941512124,-3.42720443398,
709,2010,flowvizmenu. parallel scatterplot matrix. multidimension visual. network explor.,837,4.84590807793,7.61990867906,-6.29320773543,6.59699599634,3.92941512124,-3.42720443398,
709,2010,flowvizmenu. parallel scatterplot matrix. multidimension visual. network explor.,867,4.84590807793,7.61990867906,-6.29320773543,6.59699599634,3.92941512124,-3.42720443398,
709,2010,flowvizmenu. parallel scatterplot matrix. multidimension visual. network explor.,1331,4.84590807793,7.61990867906,-6.29320773543,6.59699599634,3.92941512124,-3.42720443398,
709,2010,flowvizmenu. parallel scatterplot matrix. multidimension visual. network explor.,1230,4.84590807793,7.61990867906,-6.29320773543,6.59699599634,3.92941512124,-3.42720443398,
709,2010,flowvizmenu. parallel scatterplot matrix. multidimension visual. network explor.,1484,4.84590807793,7.61990867906,-6.29320773543,6.59699599634,3.92941512124,-3.42720443398,
709,2010,flowvizmenu. parallel scatterplot matrix. multidimension visual. network explor.,1102,4.84590807793,7.61990867906,-6.29320773543,6.59699599634,3.92941512124,-3.42720443398,
709,2010,flowvizmenu. parallel scatterplot matrix. multidimension visual. network explor.,1646,4.84590807793,7.61990867906,-6.29320773543,6.59699599634,3.92941512124,-3.42720443398,
709,2010,flowvizmenu. parallel scatterplot matrix. multidimension visual. network explor.,977,4.84590807793,7.61990867906,-6.29320773543,6.59699599634,3.92941512124,-3.42720443398,
710,2010,stream. context.,979,-6.89597290848,-0.284825019322,-7.93932531379,1.24720985584,8.88703282567,5.93066537362,
710,2010,stream. context.,1086,-6.89597290848,-0.284825019322,-7.93932531379,1.24720985584,8.88703282567,5.93066537362,
710,2010,stream. context.,1861,-6.89597290848,-0.284825019322,-7.93932531379,1.24720985584,8.88703282567,5.93066537362,
710,2010,stream. context.,1739,-6.89597290848,-0.284825019322,-7.93932531379,1.24720985584,8.88703282567,5.93066537362,
710,2010,stream. context.,2033,-6.89597290848,-0.284825019322,-7.93932531379,1.24720985584,8.88703282567,5.93066537362,
710,2010,stream. context.,1237,-6.89597290848,-0.284825019322,-7.93932531379,1.24720985584,8.88703282567,5.93066537362,
711,2010,strength. weak. radial visual. -an empir approach.,1502,0.321334101715,0.0953499822327,-9.28854408243,0.600416544445,2.60158827484,-2.10793023195,
711,2010,strength. weak. radial visual. -an empir approach.,1838,0.321334101715,0.0953499822327,-9.28854408243,0.600416544445,2.60158827484,-2.10793023195,
711,2010,strength. weak. radial visual. -an empir approach.,2253,0.321334101715,0.0953499822327,-9.28854408243,0.600416544445,2.60158827484,-2.10793023195,
711,2010,strength. weak. radial visual. -an empir approach.,1838,0.321334101715,0.0953499822327,-9.28854408243,0.600416544445,2.60158827484,-2.10793023195,
712,2010,euler diagram.,971,-9.40310753121,-16.0512067256,-10.3113086924,-0.228977466199,9.47930840435,6.10710632504,
712,2010,euler diagram.,1095,-9.40310753121,-16.0512067256,-10.3113086924,-0.228977466199,9.47930840435,6.10710632504,
712,2010,euler diagram.,1357,-9.40310753121,-16.0512067256,-10.3113086924,-0.228977466199,9.47930840435,6.10710632504,
712,2010,euler diagram.,970,-9.40310753121,-16.0512067256,-10.3113086924,-0.228977466199,9.47930840435,6.10710632504,
712,2010,euler diagram.,817,-9.40310753121,-16.0512067256,-10.3113086924,-0.228977466199,9.47930840435,6.10710632504,
712,2010,euler diagram.,1220,-9.40310753121,-16.0512067256,-10.3113086924,-0.228977466199,9.47930840435,6.10710632504,
712,2010,euler diagram.,1213,-9.40310753121,-16.0512067256,-10.3113086924,-0.228977466199,9.47930840435,6.10710632504,
712,2010,euler diagram.,966,-9.40310753121,-16.0512067256,-10.3113086924,-0.228977466199,9.47930840435,6.10710632504,
712,2010,euler diagram.,1224,-9.40310753121,-16.0512067256,-10.3113086924,-0.228977466199,9.47930840435,6.10710632504,
712,2010,euler diagram.,2553,-9.40310753121,-16.0512067256,-10.3113086924,-0.228977466199,9.47930840435,6.10710632504,
712,2010,euler diagram.,977,-9.40310753121,-16.0512067256,-10.3113086924,-0.228977466199,9.47930840435,6.10710632504,
713,2010,visual. diver. larg multivari data.,2726,10.3848067935,5.59217119443,-5.77419854449,1.1904258644,9.14730172144,6.20285668061,
713,2010,visual. diver. larg multivari data.,2716,10.3848067935,5.59217119443,-5.77419854449,1.1904258644,9.14730172144,6.20285668061,
713,2010,visual. diver. larg multivari data.,1460,10.3848067935,5.59217119443,-5.77419854449,1.1904258644,9.14730172144,6.20285668061,
713,2010,visual. diver. larg multivari data.,2224,10.3848067935,5.59217119443,-5.77419854449,1.1904258644,9.14730172144,6.20285668061,
713,2010,visual. diver. larg multivari data.,1738,10.3848067935,5.59217119443,-5.77419854449,1.1904258644,9.14730172144,6.20285668061,
713,2010,visual. diver. larg multivari data.,2685,10.3848067935,5.59217119443,-5.77419854449,1.1904258644,9.14730172144,6.20285668061,
713,2010,visual. diver. larg multivari data.,2074,10.3848067935,5.59217119443,-5.77419854449,1.1904258644,9.14730172144,6.20285668061,
713,2010,visual. diver. larg multivari data.,1500,10.3848067935,5.59217119443,-5.77419854449,1.1904258644,9.14730172144,6.20285668061,
714,2010,visual. graph.,1094,-0.491153141047,-9.83205139507,-5.94622416345,4.6015760006,6.99062745892,-9.50553224313,
715,2010,multiplatform. infrastructur.,1457,-11.7874722498,-13.8983278379,-4.2004804814,3.21935771203,2.39955365764,-3.90779955901,
715,2010,multiplatform. infrastructur.,828,-11.7874722498,-13.8983278379,-4.2004804814,3.21935771203,2.39955365764,-3.90779955901,
715,2010,multiplatform. infrastructur.,982,-11.7874722498,-13.8983278379,-4.2004804814,3.21935771203,2.39955365764,-3.90779955901,
715,2010,multiplatform. infrastructur.,835,-11.7874722498,-13.8983278379,-4.2004804814,3.21935771203,2.39955365764,-3.90779955901,
715,2010,multiplatform. infrastructur.,1093,-11.7874722498,-13.8983278379,-4.2004804814,3.21935771203,2.39955365764,-3.90779955901,
715,2010,multiplatform. infrastructur.,1950,-11.7874722498,-13.8983278379,-4.2004804814,3.21935771203,2.39955365764,-3.90779955901,
716,2010,look. note. process.,968,3.01027304122,-6.03913566154,-5.18411893283,2.97771850737,3.3373862773,-5.3790404932,
716,2010,look. note. process.,996,3.01027304122,-6.03913566154,-5.18411893283,2.97771850737,3.3373862773,-5.3790404932,
716,2010,look. note. process.,1090,3.01027304122,-6.03913566154,-5.18411893283,2.97771850737,3.3373862773,-5.3790404932,
716,2010,look. note. process.,855,3.01027304122,-6.03913566154,-5.18411893283,2.97771850737,3.3373862773,-5.3790404932,
716,2010,look. note. process.,995,3.01027304122,-6.03913566154,-5.18411893283,2.97771850737,3.3373862773,-5.3790404932,
716,2010,look. note. process.,859,3.01027304122,-6.03913566154,-5.18411893283,2.97771850737,3.3373862773,-5.3790404932,
716,2010,look. note. process.,1093,3.01027304122,-6.03913566154,-5.18411893283,2.97771850737,3.3373862773,-5.3790404932,
720,2010,approach.,1015,0.31605064823,0.0957358912851,1.60803508673,-0.96393051419,1.35880990647,2.81917609566,
720,2010,approach.,1029,0.31605064823,0.0957358912851,1.60803508673,-0.96393051419,1.35880990647,2.81917609566,
720,2010,approach.,873,0.31605064823,0.0957358912851,1.60803508673,-0.96393051419,1.35880990647,2.81917609566,
720,2010,approach.,1109,0.31605064823,0.0957358912851,1.60803508673,-0.96393051419,1.35880990647,2.81917609566,
720,2010,approach.,875,0.31605064823,0.0957358912851,1.60803508673,-0.96393051419,1.35880990647,2.81917609566,
720,2010,approach.,1098,0.31605064823,0.0957358912851,1.60803508673,-0.96393051419,1.35880990647,2.81917609566,
723,2010,exploratori. studi. tabletop. display.,1256,-2.0781860309,-11.6567962095,-14.197064964,-0.108277614591,5.20128067609,-15.1553635495,
723,2010,exploratori. studi. tabletop. display.,1125,-2.0781860309,-11.6567962095,-14.197064964,-0.108277614591,5.20128067609,-15.1553635495,
723,2010,exploratori. studi. tabletop. display.,1241,-2.0781860309,-11.6567962095,-14.197064964,-0.108277614591,5.20128067609,-15.1553635495,
723,2010,exploratori. studi. tabletop. display.,1093,-2.0781860309,-11.6567962095,-14.197064964,-0.108277614591,5.20128067609,-15.1553635495,
723,2010,exploratori. studi. tabletop. display.,996,-2.0781860309,-11.6567962095,-14.197064964,-0.108277614591,5.20128067609,-15.1553635495,
723,2010,exploratori. studi. tabletop. display.,1090,-2.0781860309,-11.6567962095,-14.197064964,-0.108277614591,5.20128067609,-15.1553635495,
724,2010,anomali. detect. gp.,826,-7.58626191125,-4.30853892134,-5.68976085056,2.30543856029,5.20128067609,-15.1553635495,
725,2010,click2annot. insight extern.,2702,-12.7155770656,-13.5079653485,-9.62990071782,3.83278393175,9.42695314766,-2.09244688917,
725,2010,click2annot. insight extern.,1343,-12.7155770656,-13.5079653485,-9.62990071782,3.83278393175,9.42695314766,-2.09244688917,
725,2010,click2annot. insight extern.,1086,-12.7155770656,-13.5079653485,-9.62990071782,3.83278393175,9.42695314766,-2.09244688917,
725,2010,click2annot. insight extern.,995,-12.7155770656,-13.5079653485,-9.62990071782,3.83278393175,9.42695314766,-2.09244688917,
725,2010,click2annot. insight extern.,1093,-12.7155770656,-13.5079653485,-9.62990071782,3.83278393175,9.42695314766,-2.09244688917,
725,2010,click2annot. insight extern.,823,-12.7155770656,-13.5079653485,-9.62990071782,3.83278393175,9.42695314766,-2.09244688917,
728,2010,interact. visual problem. isomorph.,1101,-4.20679276732,12.9411062858,-10.7451021154,-0.229606651213,3.49648868779,2.20407228214,
728,2010,interact. visual problem. isomorph.,962,-4.20679276732,12.9411062858,-10.7451021154,-0.229606651213,3.49648868779,2.20407228214,
731,2010,rough. journalist inquiri.,860,-15.4563729538,-13.3939194583,-10.7717336598,1.19036276734,3.36280729667,-5.15167939983,
731,2010,rough. journalist inquiri.,881,-15.4563729538,-13.3939194583,-10.7717336598,1.19036276734,3.36280729667,-5.15167939983,
731,2010,rough. journalist inquiri.,863,-15.4563729538,-13.3939194583,-10.7717336598,1.19036276734,3.36280729667,-5.15167939983,
731,2010,rough. journalist inquiri.,1018,-15.4563729538,-13.3939194583,-10.7717336598,1.19036276734,3.36280729667,-5.15167939983,
732,2010,dimstil. dimension analysi. reduct.,1622,11.9409917744,0.143253253025,-6.86731816818,-0.253809171919,5.20128067609,-15.1553635495,
732,2010,dimstil. dimension analysi. reduct.,2526,11.9409917744,0.143253253025,-6.86731816818,-0.253809171919,5.20128067609,-15.1553635495,
732,2010,dimstil. dimension analysi. reduct.,1226,11.9409917744,0.143253253025,-6.86731816818,-0.253809171919,5.20128067609,-15.1553635495,
732,2010,dimstil. dimension analysi. reduct.,1643,11.9409917744,0.143253253025,-6.86731816818,-0.253809171919,5.20128067609,-15.1553635495,
732,2010,dimstil. dimension analysi. reduct.,830,11.9409917744,0.143253253025,-6.86731816818,-0.253809171919,5.20128067609,-15.1553635495,
732,2010,dimstil. dimension analysi. reduct.,1503,11.9409917744,0.143253253025,-6.86731816818,-0.253809171919,5.20128067609,-15.1553635495,
733,2010,place. activ.,2033,-9.12738794907,-14.8736586219,-10.5064224616,0.580250832984,5.21326718244,-11.9466941244,
733,2010,place. activ.,1107,-9.12738794907,-14.8736586219,-10.5064224616,0.580250832984,5.21326718244,-11.9466941244,
738,2010,sensit. analysi.,1039,10.8628367575,-0.545894403219,-2.59566491814,0.33965349422,1.52282294744,-6.74940391869,
738,2010,sensit. analysi.,1017,10.8628367575,-0.545894403219,-2.59566491814,0.33965349422,1.52282294744,-6.74940391869,
738,2010,sensit. analysi.,848,10.8628367575,-0.545894403219,-2.59566491814,0.33965349422,1.52282294744,-6.74940391869,
738,2010,sensit. analysi.,1110,10.8628367575,-0.545894403219,-2.59566491814,0.33965349422,1.52282294744,-6.74940391869,
738,2010,sensit. analysi.,1224,10.8628367575,-0.545894403219,-2.59566491814,0.33965349422,1.52282294744,-6.74940391869,
738,2010,sensit. analysi.,977,10.8628367575,-0.545894403219,-2.59566491814,0.33965349422,1.52282294744,-6.74940391869,
740,2010,reason. process.,968,3.02359757879,-6.04611935024,-12.5679655485,0.343716806943,1.06241629197,8.2995985845,
740,2010,reason. process.,1136,3.02359757879,-6.04611935024,-12.5679655485,0.343716806943,1.06241629197,8.2995985845,
740,2010,reason. process.,995,3.02359757879,-6.04611935024,-12.5679655485,0.343716806943,1.06241629197,8.2995985845,
740,2010,reason. process.,1004,3.02359757879,-6.04611935024,-12.5679655485,0.343716806943,1.06241629197,8.2995985845,
740,2010,reason. process.,1156,3.02359757879,-6.04611935024,-12.5679655485,0.343716806943,1.06241629197,8.2995985845,
741,2010,visual analysi. qualiti.,1327,10.940738144,0.718652087994,-7.0347538389,-2.74693425566,5.20128067609,-15.1553635495,
741,2010,visual analysi. qualiti.,1338,10.940738144,0.718652087994,-7.0347538389,-2.74693425566,5.20128067609,-15.1553635495,
741,2010,visual analysi. qualiti.,2253,10.940738144,0.718652087994,-7.0347538389,-2.74693425566,5.20128067609,-15.1553635495,
741,2010,visual analysi. qualiti.,1252,10.940738144,0.718652087994,-7.0347538389,-2.74693425566,5.20128067609,-15.1553635495,
741,2010,visual analysi. qualiti.,856,10.940738144,0.718652087994,-7.0347538389,-2.74693425566,5.20128067609,-15.1553635495,
741,2010,visual analysi. qualiti.,1072,10.940738144,0.718652087994,-7.0347538389,-2.74693425566,5.20128067609,-15.1553635495,
742,2010,interact queri. comic strip. metaphor.,1237,-4.26782500344,12.9552293068,-10.139070809,-1.2277224075,5.20128067609,-15.1553635495,
742,2010,interact queri. comic strip. metaphor.,1243,-4.26782500344,12.9552293068,-10.139070809,-1.2277224075,5.20128067609,-15.1553635495,
744,2010,ivisclassifi. system. classif. supervis dimens. reduct.,891,-5.65304253691,-6.79418629164,-2.58134919701,7.3569229128,5.20128067609,-15.1553635495,
744,2010,ivisclassifi. system. classif. supervis dimens. reduct.,1643,-5.65304253691,-6.79418629164,-2.58134919701,7.3569229128,5.20128067609,-15.1553635495,
744,2010,ivisclassifi. system. classif. supervis dimens. reduct.,1494,-5.65304253691,-6.79418629164,-2.58134919701,7.3569229128,5.20128067609,-15.1553635495,
744,2010,ivisclassifi. system. classif. supervis dimens. reduct.,830,-5.65304253691,-6.79418629164,-2.58134919701,7.3569229128,5.20128067609,-15.1553635495,
746,2010,multidimension. dissect. attribut relationship. graph.,968,-1.08021460988,-9.35708385359,-7.342157951,2.87775353723,5.20128067609,-15.1553635495,
746,2010,multidimension. dissect. attribut relationship. graph.,1214,-1.08021460988,-9.35708385359,-7.342157951,2.87775353723,5.20128067609,-15.1553635495,
746,2010,multidimension. dissect. attribut relationship. graph.,1246,-1.08021460988,-9.35708385359,-7.342157951,2.87775353723,5.20128067609,-15.1553635495,
746,2010,multidimension. dissect. attribut relationship. graph.,1457,-1.08021460988,-9.35708385359,-7.342157951,2.87775353723,5.20128067609,-15.1553635495,
746,2010,multidimension. dissect. attribut relationship. graph.,1226,-1.08021460988,-9.35708385359,-7.342157951,2.87775353723,5.20128067609,-15.1553635495,
746,2010,multidimension. dissect. attribut relationship. graph.,1750,-1.08021460988,-9.35708385359,-7.342157951,2.87775353723,5.20128067609,-15.1553635495,
746,2010,multidimension. dissect. attribut relationship. graph.,2526,-1.08021460988,-9.35708385359,-7.342157951,2.87775353723,5.20128067609,-15.1553635495,
746,2010,multidimension. dissect. attribut relationship. graph.,2122,-1.08021460988,-9.35708385359,-7.342157951,2.87775353723,5.20128067609,-15.1553635495,
746,2010,multidimension. dissect. attribut relationship. graph.,1095,-1.08021460988,-9.35708385359,-7.342157951,2.87775353723,5.20128067609,-15.1553635495,
746,2010,multidimension. dissect. attribut relationship. graph.,1099,-1.08021460988,-9.35708385359,-7.342157951,2.87775353723,5.20128067609,-15.1553635495,
746,2010,multidimension. dissect. attribut relationship. graph.,1125,-1.08021460988,-9.35708385359,-7.342157951,2.87775353723,5.20128067609,-15.1553635495,
746,2010,multidimension. dissect. attribut relationship. graph.,1336,-1.08021460988,-9.35708385359,-7.342157951,2.87775353723,5.20128067609,-15.1553635495,
746,2010,multidimension. dissect. attribut relationship. graph.,1496,-1.08021460988,-9.35708385359,-7.342157951,2.87775353723,5.20128067609,-15.1553635495,
747,2010,interact visual. fault. diagnosi. enterpris.,1214,-4.18890907359,12.9579762461,-9.53638580273,1.3459570722,9.17342186154,-0.688874513498,
747,2010,interact visual. fault. diagnosi. enterpris.,1103,-4.18890907359,12.9579762461,-9.53638580273,1.3459570722,9.17342186154,-0.688874513498,
747,2010,interact visual. fault. diagnosi. enterpris.,863,-4.18890907359,12.9579762461,-9.53638580273,1.3459570722,9.17342186154,-0.688874513498,
747,2010,interact visual. fault. diagnosi. enterpris.,1125,-4.18890907359,12.9579762461,-9.53638580273,1.3459570722,9.17342186154,-0.688874513498,
747,2010,interact visual. fault. diagnosi. enterpris.,1242,-4.18890907359,12.9579762461,-9.53638580273,1.3459570722,9.17342186154,-0.688874513498,
753,2010,two-stag. framework. topology-bas project. visual. classifi document.,874,-4.73936799681,0.842411840453,-4.7428097147,-0.194718354598,5.20128067609,-15.1553635495,
753,2010,two-stag. framework. topology-bas project. visual. classifi document.,1199,-4.73936799681,0.842411840453,-4.7428097147,-0.194718354598,5.20128067609,-15.1553635495,
753,2010,two-stag. framework. topology-bas project. visual. classifi document.,2726,-4.73936799681,0.842411840453,-4.7428097147,-0.194718354598,5.20128067609,-15.1553635495,
753,2010,two-stag. framework. topology-bas project. visual. classifi document.,2410,-4.73936799681,0.842411840453,-4.7428097147,-0.194718354598,5.20128067609,-15.1553635495,
753,2010,two-stag. framework. topology-bas project. visual. classifi document.,891,-4.73936799681,0.842411840453,-4.7428097147,-0.194718354598,5.20128067609,-15.1553635495,
753,2010,two-stag. framework. topology-bas project. visual. classifi document.,910,-4.73936799681,0.842411840453,-4.7428097147,-0.194718354598,5.20128067609,-15.1553635495,
754,2010,text. corpus.,881,0.958706600924,-4.42180310794,-12.7565331506,2.48219759308,-2.05683496964,1.11954887485,
754,2010,text. corpus.,1128,0.958706600924,-4.42180310794,-12.7565331506,2.48219759308,-2.05683496964,1.11954887485,
754,2010,text. corpus.,981,0.958706600924,-4.42180310794,-12.7565331506,2.48219759308,-2.05683496964,1.11954887485,
754,2010,text. corpus.,834,0.958706600924,-4.42180310794,-12.7565331506,2.48219759308,-2.05683496964,1.11954887485,
754,2010,text. corpus.,979,0.958706600924,-4.42180310794,-12.7565331506,2.48219759308,-2.05683496964,1.11954887485,
754,2010,text. corpus.,832,0.958706600924,-4.42180310794,-12.7565331506,2.48219759308,-2.05683496964,1.11954887485,
754,2010,text. corpus.,1739,0.958706600924,-4.42180310794,-12.7565331506,2.48219759308,-2.05683496964,1.11954887485,
754,2010,text. corpus.,2047,0.958706600924,-4.42180310794,-12.7565331506,2.48219759308,-2.05683496964,1.11954887485,
754,2010,text. corpus.,1125,0.958706600924,-4.42180310794,-12.7565331506,2.48219759308,-2.05683496964,1.11954887485,
754,2010,text. corpus.,1333,0.958706600924,-4.42180310794,-12.7565331506,2.48219759308,-2.05683496964,1.11954887485,
754,2010,text. corpus.,1955,0.958706600924,-4.42180310794,-12.7565331506,2.48219759308,-2.05683496964,1.11954887485,
756,2010,visual explor. classif. risk. ass.,1101,3.16163783433,8.14746867115,-10.9940191557,-5.22579340982,9.33527838712,-2.03394456085,
756,2010,visual explor. classif. risk. ass.,1345,3.16163783433,8.14746867115,-10.9940191557,-5.22579340982,9.33527838712,-2.03394456085,
756,2010,visual explor. classif. risk. ass.,856,3.16163783433,8.14746867115,-10.9940191557,-5.22579340982,9.33527838712,-2.03394456085,
756,2010,visual explor. classif. risk. ass.,2132,3.16163783433,8.14746867115,-10.9940191557,-5.22579340982,9.33527838712,-2.03394456085,
756,2010,visual explor. classif. risk. ass.,955,3.16163783433,8.14746867115,-10.9940191557,-5.22579340982,9.33527838712,-2.03394456085,
756,2010,visual explor. classif. risk. ass.,1950,3.16163783433,8.14746867115,-10.9940191557,-5.22579340982,9.33527838712,-2.03394456085,
756,2010,visual explor. classif. risk. ass.,1102,3.16163783433,8.14746867115,-10.9940191557,-5.22579340982,9.33527838712,-2.03394456085,
756,2010,visual explor. classif. risk. ass.,1031,3.16163783433,8.14746867115,-10.9940191557,-5.22579340982,9.33527838712,-2.03394456085,
756,2010,visual explor. classif. risk. ass.,2526,3.16163783433,8.14746867115,-10.9940191557,-5.22579340982,9.33527838712,-2.03394456085,
756,2010,visual explor. classif. risk. ass.,977,3.16163783433,8.14746867115,-10.9940191557,-5.22579340982,9.33527838712,-2.03394456085,
757,2010,visual market. sector. analysi. financi time. seri.,1861,7.23732744228,0.483687022925,-8.18767042736,3.860655135,9.44669077283,-2.04421741097,
757,2010,visual market. sector. analysi. financi time. seri.,2219,7.23732744228,0.483687022925,-8.18767042736,3.860655135,9.44669077283,-2.04421741097,
757,2010,visual market. sector. analysi. financi time. seri.,1856,7.23732744228,0.483687022925,-8.18767042736,3.860655135,9.44669077283,-2.04421741097,
757,2010,visual market. sector. analysi. financi time. seri.,2033,7.23732744228,0.483687022925,-8.18767042736,3.860655135,9.44669077283,-2.04421741097,
757,2010,visual market. sector. analysi. financi time. seri.,1638,7.23732744228,0.483687022925,-8.18767042736,3.860655135,9.44669077283,-2.04421741097,
758,2010,visual readabl. analysi.,1127,10.8357724295,-0.541276944246,-3.9769717747,1.87693400927,5.20128067609,-15.1553635495,
762,2010,vizcept. synchron collabor. intellig. analysi.,828,12.0938145859,-1.92570828523,-14.2057810074,-0.0890346597518,6.19951528959,-12.8891504067,
762,2010,vizcept. synchron collabor. intellig. analysi.,1125,12.0938145859,-1.92570828523,-14.2057810074,-0.0890346597518,6.19951528959,-12.8891504067,
762,2010,vizcept. synchron collabor. intellig. analysi.,895,12.0938145859,-1.92570828523,-14.2057810074,-0.0890346597518,6.19951528959,-12.8891504067,
762,2010,vizcept. synchron collabor. intellig. analysi.,999,12.0938145859,-1.92570828523,-14.2057810074,-0.0890346597518,6.19951528959,-12.8891504067,
762,2010,vizcept. synchron collabor. intellig. analysi.,1093,12.0938145859,-1.92570828523,-14.2057810074,-0.0890346597518,6.19951528959,-12.8891504067,
762,2010,vizcept. synchron collabor. intellig. analysi.,1021,12.0938145859,-1.92570828523,-14.2057810074,-0.0890346597518,6.19951528959,-12.8891504067,
763,2010,curv ray camera. occlus. continu multiperspect visual.,1043,-13.5259923543,0.550278231004,-6.57879633725,-7.93612595981,3.19924981689,-6.91667604737,
763,2010,curv ray camera. occlus. continu multiperspect visual.,1547,-13.5259923543,0.550278231004,-6.57879633725,-7.93612595981,3.19924981689,-6.91667604737,
763,2010,curv ray camera. occlus. continu multiperspect visual.,1285,-13.5259923543,0.550278231004,-6.57879633725,-7.93612595981,3.19924981689,-6.91667604737,
763,2010,curv ray camera. occlus. continu multiperspect visual.,1305,-13.5259923543,0.550278231004,-6.57879633725,-7.93612595981,3.19924981689,-6.91667604737,
763,2010,curv ray camera. occlus. continu multiperspect visual.,1634,-13.5259923543,0.550278231004,-6.57879633725,-7.93612595981,3.19924981689,-6.91667604737,
763,2010,curv ray camera. occlus. continu multiperspect visual.,1276,-13.5259923543,0.550278231004,-6.57879633725,-7.93612595981,3.19924981689,-6.91667604737,
764,2010,distribut paradigm. multi-us interact. tile rear project display wall.,1274,-4.23553020749,6.94749681411,-10.9471781997,-4.17742658881,1.13166183305,2.75756761775,
764,2010,distribut paradigm. multi-us interact. tile rear project display wall.,1188,-4.23553020749,6.94749681411,-10.9471781997,-4.17742658881,1.13166183305,2.75756761775,
764,2010,distribut paradigm. multi-us interact. tile rear project display wall.,1824,-4.23553020749,6.94749681411,-10.9471781997,-4.17742658881,1.13166183305,2.75756761775,
764,2010,distribut paradigm. multi-us interact. tile rear project display wall.,913,-4.23553020749,6.94749681411,-10.9471781997,-4.17742658881,1.13166183305,2.75756761775,
765,2010,information-theoret framework. flow visual.,1039,1.59464233028,-12.1644756542,-2.88405616997,3.98065260618,2.59325115862,-12.5998403543,
765,2010,information-theoret framework. flow visual.,1193,1.59464233028,-12.1644756542,-2.88405616997,3.98065260618,2.59325115862,-12.5998403543,
765,2010,information-theoret framework. flow visual.,1184,1.59464233028,-12.1644756542,-2.88405616997,3.98065260618,2.59325115862,-12.5998403543,
765,2010,information-theoret framework. flow visual.,1295,1.59464233028,-12.1644756542,-2.88405616997,3.98065260618,2.59325115862,-12.5998403543,
765,2010,information-theoret framework. flow visual.,1270,1.59464233028,-12.1644756542,-2.88405616997,3.98065260618,2.59325115862,-12.5998403543,
765,2010,information-theoret framework. flow visual.,1381,1.59464233028,-12.1644756542,-2.88405616997,3.98065260618,2.59325115862,-12.5998403543,
765,2010,information-theoret framework. flow visual.,1415,1.59464233028,-12.1644756542,-2.88405616997,3.98065260618,2.59325115862,-12.5998403543,
765,2010,information-theoret framework. flow visual.,1052,1.59464233028,-12.1644756542,-2.88405616997,3.98065260618,2.59325115862,-12.5998403543,
765,2010,information-theoret framework. flow visual.,1959,1.59464233028,-12.1644756542,-2.88405616997,3.98065260618,2.59325115862,-12.5998403543,
765,2010,information-theoret framework. flow visual.,1430,1.59464233028,-12.1644756542,-2.88405616997,3.98065260618,2.59325115862,-12.5998403543,
765,2010,information-theoret framework. flow visual.,1183,1.59464233028,-12.1644756542,-2.88405616997,3.98065260618,2.59325115862,-12.5998403543,
765,2010,information-theoret framework. flow visual.,1813,1.59464233028,-12.1644756542,-2.88405616997,3.98065260618,2.59325115862,-12.5998403543,
766,2010,information-theoret framework. visual.,1184,-4.84732498048,0.317993924695,-9.92040609438,0.92174013118,2.6196444613,-12.4606434722,
766,2010,information-theoret framework. visual.,1424,-4.84732498048,0.317993924695,-9.92040609438,0.92174013118,2.6196444613,-12.4606434722,
766,2010,information-theoret framework. visual.,1295,-4.84732498048,0.317993924695,-9.92040609438,0.92174013118,2.6196444613,-12.4606434722,
766,2010,information-theoret framework. visual.,2314,-4.84732498048,0.317993924695,-9.92040609438,0.92174013118,2.6196444613,-12.4606434722,
766,2010,information-theoret framework. visual.,1361,-4.84732498048,0.317993924695,-9.92040609438,0.92174013118,2.6196444613,-12.4606434722,
766,2010,information-theoret framework. visual.,1945,-4.84732498048,0.317993924695,-9.92040609438,0.92174013118,2.6196444613,-12.4606434722,
766,2010,information-theoret framework. visual.,1101,-4.84732498048,0.317993924695,-9.92040609438,0.92174013118,2.6196444613,-12.4606434722,
766,2010,information-theoret framework. visual.,1301,-4.84732498048,0.317993924695,-9.92040609438,0.92174013118,2.6196444613,-12.4606434722,
766,2010,information-theoret framework. visual.,1493,-4.84732498048,0.317993924695,-9.92040609438,0.92174013118,2.6196444613,-12.4606434722,
766,2010,information-theoret framework. visual.,1082,-4.84732498048,0.317993924695,-9.92040609438,0.92174013118,2.6196444613,-12.4606434722,
766,2010,information-theoret framework. visual.,1052,-4.84732498048,0.317993924695,-9.92040609438,0.92174013118,2.6196444613,-12.4606434722,
766,2010,information-theoret framework. visual.,962,-4.84732498048,0.317993924695,-9.92040609438,0.92174013118,2.6196444613,-12.4606434722,
766,2010,information-theoret framework. visual.,2227,-4.84732498048,0.317993924695,-9.92040609438,0.92174013118,2.6196444613,-12.4606434722,
766,2010,information-theoret framework. visual.,1430,-4.84732498048,0.317993924695,-9.92040609438,0.92174013118,2.6196444613,-12.4606434722,
766,2010,information-theoret framework. visual.,1937,-4.84732498048,0.317993924695,-9.92040609438,0.92174013118,2.6196444613,-12.4606434722,
766,2010,information-theoret framework. visual.,2702,-4.84732498048,0.317993924695,-9.92040609438,0.92174013118,2.6196444613,-12.4606434722,
766,2010,information-theoret framework. visual.,1813,-4.84732498048,0.317993924695,-9.92040609438,0.92174013118,2.6196444613,-12.4606434722,
767,2010,analysi. recurr pattern. toroid magnet.,1377,12.125246098,-1.10013408335,2.81485624395,-0.146907704426,4.82725664843,-12.9531737065,
767,2010,analysi. recurr pattern. toroid magnet.,1888,12.125246098,-1.10013408335,2.81485624395,-0.146907704426,4.82725664843,-12.9531737065,
767,2010,analysi. recurr pattern. toroid magnet.,1714,12.125246098,-1.10013408335,2.81485624395,-0.146907704426,4.82725664843,-12.9531737065,
767,2010,analysi. recurr pattern. toroid magnet.,2296,12.125246098,-1.10013408335,2.81485624395,-0.146907704426,4.82725664843,-12.9531737065,
768,2010,planar reform. chang visual. small anim imag.,939,-10.5515183945,-7.29110712755,-8.02105960984,-0.152710632446,-2.05504705075,1.0586973272,
768,2010,planar reform. chang visual. small anim imag.,1787,-10.5515183945,-7.29110712755,-8.02105960984,-0.152710632446,-2.05504705075,1.0586973272,
768,2010,planar reform. chang visual. small anim imag.,1719,-10.5515183945,-7.29110712755,-8.02105960984,-0.152710632446,-2.05504705075,1.0586973272,
768,2010,planar reform. chang visual. small anim imag.,1285,-10.5515183945,-7.29110712755,-8.02105960984,-0.152710632446,-2.05504705075,1.0586973272,
768,2010,planar reform. chang visual. small anim imag.,1054,-10.5515183945,-7.29110712755,-8.02105960984,-0.152710632446,-2.05504705075,1.0586973272,
770,2010,robust. persist. imag.,2285,-10.5213450488,-7.307994485,-7.08335319517,1.37382746709,3.21204780215,-12.5727484538,
771,2010,interv. volum. visual.,2175,-13.8143146081,10.380344051,-7.82155446475,-1.02779600681,-4.23053782842,-5.85894233749,
771,2010,interv. volum. visual.,2269,-13.8143146081,10.380344051,-7.82155446475,-1.02779600681,-4.23053782842,-5.85894233749,
771,2010,interv. volum. visual.,1579,-13.8143146081,10.380344051,-7.82155446475,-1.02779600681,-4.23053782842,-5.85894233749,
771,2010,interv. volum. visual.,2443,-13.8143146081,10.380344051,-7.82155446475,-1.02779600681,-4.23053782842,-5.85894233749,
771,2010,interv. volum. visual.,1833,-13.8143146081,10.380344051,-7.82155446475,-1.02779600681,-4.23053782842,-5.85894233749,
771,2010,interv. volum. visual.,924,-13.8143146081,10.380344051,-7.82155446475,-1.02779600681,-4.23053782842,-5.85894233749,
771,2010,interv. volum. visual.,1267,-13.8143146081,10.380344051,-7.82155446475,-1.02779600681,-4.23053782842,-5.85894233749,
771,2010,interv. volum. visual.,1081,-13.8143146081,10.380344051,-7.82155446475,-1.02779600681,-4.23053782842,-5.85894233749,
771,2010,interv. volum. visual.,1984,-13.8143146081,10.380344051,-7.82155446475,-1.02779600681,-4.23053782842,-5.85894233749,
771,2010,interv. volum. visual.,1412,-13.8143146081,10.380344051,-7.82155446475,-1.02779600681,-4.23053782842,-5.85894233749,
771,2010,interv. volum. visual.,1063,-13.8143146081,10.380344051,-7.82155446475,-1.02779600681,-4.23053782842,-5.85894233749,
771,2010,interv. volum. visual.,1663,-13.8143146081,10.380344051,-7.82155446475,-1.02779600681,-4.23053782842,-5.85894233749,
771,2010,interv. volum. visual.,958,-13.8143146081,10.380344051,-7.82155446475,-1.02779600681,-4.23053782842,-5.85894233749,
771,2010,interv. volum. visual.,2444,-13.8143146081,10.380344051,-7.82155446475,-1.02779600681,-4.23053782842,-5.85894233749,
772,2010,scatter plot.,1306,-7.92506261061,-12.8816434596,-5.61612748625,0.233184693262,-0.0901536739699,-10.7576957998,
772,2010,scatter plot.,1039,-7.92506261061,-12.8816434596,-5.61612748625,0.233184693262,-0.0901536739699,-10.7576957998,
772,2010,scatter plot.,2105,-7.92506261061,-12.8816434596,-5.61612748625,0.233184693262,-0.0901536739699,-10.7576957998,
772,2010,scatter plot.,1378,-7.92506261061,-12.8816434596,-5.61612748625,0.233184693262,-0.0901536739699,-10.7576957998,
772,2010,scatter plot.,916,-7.92506261061,-12.8816434596,-5.61612748625,0.233184693262,-0.0901536739699,-10.7576957998,
773,2010,edg awar anisotrop diffus. scalar data.,1800,12.5690631956,8.99246211055,2.69587731484,-4.96990311414,3.48840762429,-7.81319120296,
773,2010,edg awar anisotrop diffus. scalar data.,1672,12.5690631956,8.99246211055,2.69587731484,-4.96990311414,3.48840762429,-7.81319120296,
773,2010,edg awar anisotrop diffus. scalar data.,1589,12.5690631956,8.99246211055,2.69587731484,-4.96990311414,3.48840762429,-7.81319120296,
773,2010,edg awar anisotrop diffus. scalar data.,1915,12.5690631956,8.99246211055,2.69587731484,-4.96990311414,3.48840762429,-7.81319120296,
774,2010,high-qual. volum. render. sph data.,1687,-10.0885007121,8.6546926421,-1.31852514056,-1.60567968207,-5.12928280492,7.73094616883,
774,2010,high-qual. volum. render. sph data.,1067,-10.0885007121,8.6546926421,-1.31852514056,-1.60567968207,-5.12928280492,7.73094616883,
774,2010,high-qual. volum. render. sph data.,2606,-10.0885007121,8.6546926421,-1.31852514056,-1.60567968207,-5.12928280492,7.73094616883,
774,2010,high-qual. volum. render. sph data.,1687,-10.0885007121,8.6546926421,-1.31852514056,-1.60567968207,-5.12928280492,7.73094616883,
774,2010,high-qual. volum. render. sph data.,1663,-10.0885007121,8.6546926421,-1.31852514056,-1.60567968207,-5.12928280492,7.73094616883,
774,2010,high-qual. volum. render. sph data.,1210,-10.0885007121,8.6546926421,-1.31852514056,-1.60567968207,-5.12928280492,7.73094616883,
774,2010,high-qual. volum. render. sph data.,921,-10.0885007121,8.6546926421,-1.31852514056,-1.60567968207,-5.12928280492,7.73094616883,
774,2010,high-qual. volum. render. sph data.,1198,-10.0885007121,8.6546926421,-1.31852514056,-1.60567968207,-5.12928280492,7.73094616883,
774,2010,high-qual. volum. render. sph data.,1552,-10.0885007121,8.6546926421,-1.31852514056,-1.60567968207,-5.12928280492,7.73094616883,
775,2010,explod view diagram. mathemat.,1285,-8.28079795776,0.235951614601,-4.23614730024,-5.17832002403,2.17219518676,-15.7582876288,
775,2010,explod view diagram. mathemat.,1719,-8.28079795776,0.235951614601,-4.23614730024,-5.17832002403,2.17219518676,-15.7582876288,
775,2010,explod view diagram. mathemat.,1446,-8.28079795776,0.235951614601,-4.23614730024,-5.17832002403,2.17219518676,-15.7582876288,
776,2010,explor. visual. segment uncertainti. shape. appear prior. inform.,949,0.967844861982,8.1514126736,-7.92811241329,-1.62093659331,-2.00988381527,-8.67335998938,
776,2010,explor. visual. segment uncertainti. shape. appear prior. inform.,1414,0.967844861982,8.1514126736,-7.92811241329,-1.62093659331,-2.00988381527,-8.67335998938,
776,2010,explor. visual. segment uncertainti. shape. appear prior. inform.,1672,0.967844861982,8.1514126736,-7.92811241329,-1.62093659331,-2.00988381527,-8.67335998938,
776,2010,explor. visual. segment uncertainti. shape. appear prior. inform.,1205,0.967844861982,8.1514126736,-7.92811241329,-1.62093659331,-2.00988381527,-8.67335998938,
777,2010,explor. mri blood flow. stylist visual.,1285,2.41120614106,5.98056067837,-1.55131804465,0.581307032883,-5.10414946608,-8.01663579323,
777,2010,explor. mri blood flow. stylist visual.,919,2.41120614106,5.98056067837,-1.55131804465,0.581307032883,-5.10414946608,-8.01663579323,
778,2010,high-qual. volum. ray cast. virtual sampl.,2474,-13.1666348671,5.64626371147,-5.11354239526,-7.60572910527,-4.37494547335,-5.74352973789,
778,2010,high-qual. volum. ray cast. virtual sampl.,1566,-13.1666348671,5.64626371147,-5.11354239526,-7.60572910527,-4.37494547335,-5.74352973789,
778,2010,high-qual. volum. ray cast. virtual sampl.,1405,-13.1666348671,5.64626371147,-5.11354239526,-7.60572910527,-4.37494547335,-5.74352973789,
778,2010,high-qual. volum. ray cast. virtual sampl.,958,-13.1666348671,5.64626371147,-5.11354239526,-7.60572910527,-4.37494547335,-5.74352973789,
778,2010,high-qual. volum. ray cast. virtual sampl.,1663,-13.1666348671,5.64626371147,-5.11354239526,-7.60572910527,-4.37494547335,-5.74352973789,
779,2010,memory-effici cell locat. unstructur grid. visual.,1066,-12.6711314818,-7.38900863652,-5.86655500982,-1.8603410422,1.49458700393,-9.72540493307,
779,2010,memory-effici cell locat. unstructur grid. visual.,1048,-12.6711314818,-7.38900863652,-5.86655500982,-1.8603410422,1.49458700393,-9.72540493307,
779,2010,memory-effici cell locat. unstructur grid. visual.,1360,-12.6711314818,-7.38900863652,-5.86655500982,-1.8603410422,1.49458700393,-9.72540493307,
779,2010,memory-effici cell locat. unstructur grid. visual.,927,-12.6711314818,-7.38900863652,-5.86655500982,-1.8603410422,1.49458700393,-9.72540493307,
780,2010,direct-touch interact. explor. scientif visual space.,1382,-0.475136910902,11.4142688308,-10.2726828481,1.5842858511,2.27240590685,-0.409887752696,
780,2010,direct-touch interact. explor. scientif visual space.,1101,-0.475136910902,11.4142688308,-10.2726828481,1.5842858511,2.27240590685,-0.409887752696,
780,2010,direct-touch interact. explor. scientif visual space.,1534,-0.475136910902,11.4142688308,-10.2726828481,1.5842858511,2.27240590685,-0.409887752696,
781,2010,gradient estim revit.,1907,-13.6717390899,-13.7245373967,-4.24880850048,-3.2854752804,2.11006867028,-9.5696869527,
781,2010,gradient estim revit.,2474,-13.6717390899,-13.7245373967,-4.24880850048,-3.2854752804,2.11006867028,-9.5696869527,
781,2010,gradient estim revit.,2230,-13.6717390899,-13.7245373967,-4.24880850048,-3.2854752804,2.11006867028,-9.5696869527,
781,2010,gradient estim revit.,1561,-13.6717390899,-13.7245373967,-4.24880850048,-3.2854752804,2.11006867028,-9.5696869527,
782,2010,stream.,2710,-10.1020836004,-9.78904736941,-1.89400732857,0.0987083391043,-5.52852064459,-7.88186468375,
782,2010,stream.,950,-10.1020836004,-9.78904736941,-1.89400732857,0.0987083391043,-5.52852064459,-7.88186468375,
782,2010,stream.,1173,-10.1020836004,-9.78904736941,-1.89400732857,0.0987083391043,-5.52852064459,-7.88186468375,
782,2010,stream.,1392,-10.1020836004,-9.78904736941,-1.89400732857,0.0987083391043,-5.52852064459,-7.88186468375,
782,2010,stream.,2112,-10.1020836004,-9.78904736941,-1.89400732857,0.0987083391043,-5.52852064459,-7.88186468375,
782,2010,stream.,1048,-10.1020836004,-9.78904736941,-1.89400732857,0.0987083391043,-5.52852064459,-7.88186468375,
782,2010,stream.,919,-10.1020836004,-9.78904736941,-1.89400732857,0.0987083391043,-5.52852064459,-7.88186468375,
782,2010,stream.,1867,-10.1020836004,-9.78904736941,-1.89400732857,0.0987083391043,-5.52852064459,-7.88186468375,
782,2010,stream.,1391,-10.1020836004,-9.78904736941,-1.89400732857,0.0987083391043,-5.52852064459,-7.88186468375,
782,2010,stream.,1393,-10.1020836004,-9.78904736941,-1.89400732857,0.0987083391043,-5.52852064459,-7.88186468375,
782,2010,stream.,1071,-10.1020836004,-9.78904736941,-1.89400732857,0.0987083391043,-5.52852064459,-7.88186468375,
782,2010,stream.,1605,-10.1020836004,-9.78904736941,-1.89400732857,0.0987083391043,-5.52852064459,-7.88186468375,
782,2010,stream.,1714,-10.1020836004,-9.78904736941,-1.89400732857,0.0987083391043,-5.52852064459,-7.88186468375,
783,2010,histolog. large-scal biomed imag stack.,2478,-1.84151729567,-1.17871805832,-10.5305311463,-5.46819644608,0.294657925901,-9.30911757529,
783,2010,histolog. large-scal biomed imag stack.,1805,-1.84151729567,-1.17871805832,-10.5305311463,-5.46819644608,0.294657925901,-9.30911757529,
783,2010,histolog. large-scal biomed imag stack.,1920,-1.84151729567,-1.17871805832,-10.5305311463,-5.46819644608,0.294657925901,-9.30911757529,
783,2010,histolog. large-scal biomed imag stack.,1203,-1.84151729567,-1.17871805832,-10.5305311463,-5.46819644608,0.294657925901,-9.30911757529,
783,2010,histolog. large-scal biomed imag stack.,2426,-1.84151729567,-1.17871805832,-10.5305311463,-5.46819644608,0.294657925901,-9.30911757529,
783,2010,histolog. large-scal biomed imag stack.,1913,-1.84151729567,-1.17871805832,-10.5305311463,-5.46819644608,0.294657925901,-9.30911757529,
783,2010,histolog. large-scal biomed imag stack.,2428,-1.84151729567,-1.17871805832,-10.5305311463,-5.46819644608,0.294657925901,-9.30911757529,
783,2010,histolog. large-scal biomed imag stack.,1669,-1.84151729567,-1.17871805832,-10.5305311463,-5.46819644608,0.294657925901,-9.30911757529,
784,2010,separ streak.,950,-17.0692220534,-16.9929710696,-0.971824960977,0.720458476033,-0.843231908978,-7.89255915763,
784,2010,separ streak.,1170,-17.0692220534,-16.9929710696,-0.971824960977,0.720458476033,-0.843231908978,-7.89255915763,
784,2010,separ streak.,2593,-17.0692220534,-16.9929710696,-0.971824960977,0.720458476033,-0.843231908978,-7.89255915763,
784,2010,separ streak.,1048,-17.0692220534,-16.9929710696,-0.971824960977,0.720458476033,-0.843231908978,-7.89255915763,
784,2010,separ streak.,1867,-17.0692220534,-16.9929710696,-0.971824960977,0.720458476033,-0.843231908978,-7.89255915763,
784,2010,separ streak.,1168,-17.0692220534,-16.9929710696,-0.971824960977,0.720458476033,-0.843231908978,-7.89255915763,
784,2010,separ streak.,2552,-17.0692220534,-16.9929710696,-0.971824960977,0.720458476033,-0.843231908978,-7.89255915763,
784,2010,separ streak.,944,-17.0692220534,-16.9929710696,-0.971824960977,0.720458476033,-0.843231908978,-7.89255915763,
784,2010,separ streak.,927,-17.0692220534,-16.9929710696,-0.971824960977,0.720458476033,-0.843231908978,-7.89255915763,
784,2010,separ streak.,1294,-17.0692220534,-16.9929710696,-0.971824960977,0.720458476033,-0.843231908978,-7.89255915763,
784,2010,separ streak.,1165,-17.0692220534,-16.9929710696,-0.971824960977,0.720458476033,-0.843231908978,-7.89255915763,
784,2010,separ streak.,1066,-17.0692220534,-16.9929710696,-0.971824960977,0.720458476033,-0.843231908978,-7.89255915763,
784,2010,separ streak.,1421,-17.0692220534,-16.9929710696,-0.971824960977,0.720458476033,-0.843231908978,-7.89255915763,
785,2010,vector. field. featur identif.,919,-13.4751012046,-21.4799688818,1.95671596504,-0.614294901376,6.53623133803,-11.6920273479,
785,2010,vector. field. featur identif.,2547,-13.4751012046,-21.4799688818,1.95671596504,-0.614294901376,6.53623133803,-11.6920273479,
785,2010,vector. field. featur identif.,1183,-13.4751012046,-21.4799688818,1.95671596504,-0.614294901376,6.53623133803,-11.6920273479,
785,2010,vector. field. featur identif.,2667,-13.4751012046,-21.4799688818,1.95671596504,-0.614294901376,6.53623133803,-11.6920273479,
785,2010,vector. field. featur identif.,2191,-13.4751012046,-21.4799688818,1.95671596504,-0.614294901376,6.53623133803,-11.6920273479,
785,2010,vector. field. featur identif.,2593,-13.4751012046,-21.4799688818,1.95671596504,-0.614294901376,6.53623133803,-11.6920273479,
785,2010,vector. field. featur identif.,1037,-13.4751012046,-21.4799688818,1.95671596504,-0.614294901376,6.53623133803,-11.6920273479,
785,2010,vector. field. featur identif.,950,-13.4751012046,-21.4799688818,1.95671596504,-0.614294901376,6.53623133803,-11.6920273479,
785,2010,vector. field. featur identif.,2066,-13.4751012046,-21.4799688818,1.95671596504,-0.614294901376,6.53623133803,-11.6920273479,
785,2010,vector. field. featur identif.,2303,-13.4751012046,-21.4799688818,1.95671596504,-0.614294901376,6.53623133803,-11.6920273479,
785,2010,vector. field. featur identif.,2142,-13.4751012046,-21.4799688818,1.95671596504,-0.614294901376,6.53623133803,-11.6920273479,
785,2010,vector. field. featur identif.,2682,-13.4751012046,-21.4799688818,1.95671596504,-0.614294901376,6.53623133803,-11.6920273479,
785,2010,vector. field. featur identif.,1959,-13.4751012046,-21.4799688818,1.95671596504,-0.614294901376,6.53623133803,-11.6920273479,
785,2010,vector. field. featur identif.,1983,-13.4751012046,-21.4799688818,1.95671596504,-0.614294901376,6.53623133803,-11.6920273479,
786,2010,visual analysi. multipl simul run. simul model view. understand. tune. electron unit injector.,928,8.2001783206,-1.67831028048,-2.76582551415,-1.84705114995,5.10253592473,-12.4913015158,
786,2010,visual analysi. multipl simul run. simul model view. understand. tune. electron unit injector.,1752,8.2001783206,-1.67831028048,-2.76582551415,-1.84705114995,5.10253592473,-12.4913015158,
786,2010,visual analysi. multipl simul run. simul model view. understand. tune. electron unit injector.,2407,8.2001783206,-1.67831028048,-2.76582551415,-1.84705114995,5.10253592473,-12.4913015158,
786,2010,visual analysi. multipl simul run. simul model view. understand. tune. electron unit injector.,1738,8.2001783206,-1.67831028048,-2.76582551415,-1.84705114995,5.10253592473,-12.4913015158,
787,2010,visual. hyperspectr imag. histor.,1051,-10.5203720691,-7.30896661539,-11.8474667743,-2.49060049197,4.27208626308,-12.6240382895,
787,2010,visual. hyperspectr imag. histor.,1064,-10.5203720691,-7.30896661539,-11.8474667743,-2.49060049197,4.27208626308,-12.6240382895,
787,2010,visual. hyperspectr imag. histor.,1056,-10.5203720691,-7.30896661539,-11.8474667743,-2.49060049197,4.27208626308,-12.6240382895,
787,2010,visual. hyperspectr imag. histor.,1298,-10.5203720691,-7.30896661539,-11.8474667743,-2.49060049197,4.27208626308,-12.6240382895,
787,2010,visual. hyperspectr imag. histor.,2420,-10.5203720691,-7.30896661539,-11.8474667743,-2.49060049197,4.27208626308,-12.6240382895,
787,2010,visual. hyperspectr imag. histor.,1078,-10.5203720691,-7.30896661539,-11.8474667743,-2.49060049197,4.27208626308,-12.6240382895,
788,2010,iri. integr.,1276,-5.16824276881,-10.5177637282,-2.21757141595,0.128588817736,-5.5289963143,-7.88180205384,
788,2010,iri. integr.,1672,-5.16824276881,-10.5177637282,-2.21757141595,0.128588817736,-5.5289963143,-7.88180205384,
788,2010,iri. integr.,1048,-5.16824276881,-10.5177637282,-2.21757141595,0.128588817736,-5.5289963143,-7.88180205384,
788,2010,iri. integr.,2593,-5.16824276881,-10.5177637282,-2.21757141595,0.128588817736,-5.5289963143,-7.88180205384,
788,2010,iri. integr.,950,-5.16824276881,-10.5177637282,-2.21757141595,0.128588817736,-5.5289963143,-7.88180205384,
788,2010,iri. integr.,2552,-5.16824276881,-10.5177637282,-2.21757141595,0.128588817736,-5.5289963143,-7.88180205384,
788,2010,iri. integr.,1867,-5.16824276881,-10.5177637282,-2.21757141595,0.128588817736,-5.5289963143,-7.88180205384,
788,2010,iri. integr.,2027,-5.16824276881,-10.5177637282,-2.21757141595,0.128588817736,-5.5289963143,-7.88180205384,
788,2010,iri. integr.,1066,-5.16824276881,-10.5177637282,-2.21757141595,0.128588817736,-5.5289963143,-7.88180205384,
788,2010,iri. integr.,927,-5.16824276881,-10.5177637282,-2.21757141595,0.128588817736,-5.5289963143,-7.88180205384,
789,2010,tool. visual. numer weather model ensembl uncertainti.,907,4.0511295852,-1.25716934681,2.68519779445,5.07220410182,-0.00148765358216,-2.01099662404,
789,2010,tool. visual. numer weather model ensembl uncertainti.,1759,4.0511295852,-1.25716934681,2.68519779445,5.07220410182,-0.00148765358216,-2.01099662404,
790,2010,fractal dimens.,1306,-9.15561417459,-10.916936336,-4.18531421343,-3.19475750238,-6.27572653318,-3.94439157567,
790,2010,fractal dimens.,1063,-9.15561417459,-10.916936336,-4.18531421343,-3.19475750238,-6.27572653318,-3.94439157567,
790,2010,fractal dimens.,1532,-9.15561417459,-10.916936336,-4.18531421343,-3.19475750238,-6.27572653318,-3.94439157567,
790,2010,fractal dimens.,2340,-9.15561417459,-10.916936336,-4.18531421343,-3.19475750238,-6.27572653318,-3.94439157567,
790,2010,fractal dimens.,1894,-9.15561417459,-10.916936336,-4.18531421343,-3.19475750238,-6.27572653318,-3.94439157567,
790,2010,fractal dimens.,2678,-9.15561417459,-10.916936336,-4.18531421343,-3.19475750238,-6.27572653318,-3.94439157567,
790,2010,fractal dimens.,2285,-9.15561417459,-10.916936336,-4.18531421343,-3.19475750238,-6.27572653318,-3.94439157567,
791,2010,pre-integr volum. gradient. interpol.,1984,-14.0832590344,11.4746341032,0.818066669808,0.878483255546,-5.9330959145,7.96360711427,
791,2010,pre-integr volum. gradient. interpol.,2027,-14.0832590344,11.4746341032,0.818066669808,0.878483255546,-5.9330959145,7.96360711427,
791,2010,pre-integr volum. gradient. interpol.,2739,-14.0832590344,11.4746341032,0.818066669808,0.878483255546,-5.9330959145,7.96360711427,
791,2010,pre-integr volum. gradient. interpol.,924,-14.0832590344,11.4746341032,0.818066669808,0.878483255546,-5.9330959145,7.96360711427,
792,2010,projector placement plan. high qualiti visual. real-world color object.,913,-11.7664070012,2.63396610501,-10.7011852004,-4.78265670707,0.136134769613,4.32043250447,
792,2010,projector placement plan. high qualiti visual. real-world color object.,1824,-11.7664070012,2.63396610501,-10.7011852004,-4.78265670707,0.136134769613,4.32043250447,
792,2010,projector placement plan. high qualiti visual. real-world color object.,1274,-11.7664070012,2.63396610501,-10.7011852004,-4.78265670707,0.136134769613,4.32043250447,
792,2010,projector placement plan. high qualiti visual. real-world color object.,1188,-11.7664070012,2.63396610501,-10.7011852004,-4.78265670707,0.136134769613,4.32043250447,
792,2010,projector placement plan. high qualiti visual. real-world color object.,1964,-11.7664070012,2.63396610501,-10.7011852004,-4.78265670707,0.136134769613,4.32043250447,
793,2010,explor. simul paramet space. visual effect design.,2597,1.71058922853,6.84684772447,-4.29508153085,-1.42056118992,0.260242271659,-2.05737926416,
793,2010,explor. simul paramet space. visual effect design.,2077,1.71058922853,6.84684772447,-4.29508153085,-1.42056118992,0.260242271659,-2.05737926416,
793,2010,explor. simul paramet space. visual effect design.,1721,1.71058922853,6.84684772447,-4.29508153085,-1.42056118992,0.260242271659,-2.05737926416,
793,2010,explor. simul paramet space. visual effect design.,1303,1.71058922853,6.84684772447,-4.29508153085,-1.42056118992,0.260242271659,-2.05737926416,
793,2010,explor. simul paramet space. visual effect design.,1688,1.71058922853,6.84684772447,-4.29508153085,-1.42056118992,0.260242271659,-2.05737926416,
793,2010,explor. simul paramet space. visual effect design.,2132,1.71058922853,6.84684772447,-4.29508153085,-1.42056118992,0.260242271659,-2.05737926416,
793,2010,explor. simul paramet space. visual effect design.,956,1.71058922853,6.84684772447,-4.29508153085,-1.42056118992,0.260242271659,-2.05737926416,
793,2010,explor. simul paramet space. visual effect design.,1115,1.71058922853,6.84684772447,-4.29508153085,-1.42056118992,0.260242271659,-2.05737926416,
793,2010,explor. simul paramet space. visual effect design.,2551,1.71058922853,6.84684772447,-4.29508153085,-1.42056118992,0.260242271659,-2.05737926416,
793,2010,explor. simul paramet space. visual effect design.,830,1.71058922853,6.84684772447,-4.29508153085,-1.42056118992,0.260242271659,-2.05737926416,
793,2010,explor. simul paramet space. visual effect design.,1185,1.71058922853,6.84684772447,-4.29508153085,-1.42056118992,0.260242271659,-2.05737926416,
793,2010,explor. simul paramet space. visual effect design.,1237,1.71058922853,6.84684772447,-4.29508153085,-1.42056118992,0.260242271659,-2.05737926416,
794,2010,seismic. observ data.,837,11.6553927783,7.32125536119,-10.2441259045,-2.49468487889,7.15461614751,-12.6736727162,
794,2010,seismic. observ data.,1682,11.6553927783,7.32125536119,-10.2441259045,-2.49468487889,7.15461614751,-12.6736727162,
794,2010,seismic. observ data.,2726,11.6553927783,7.32125536119,-10.2441259045,-2.49468487889,7.15461614751,-12.6736727162,
794,2010,seismic. observ data.,1803,11.6553927783,7.32125536119,-10.2441259045,-2.49468487889,7.15461614751,-12.6736727162,
794,2010,seismic. observ data.,1071,11.6553927783,7.32125536119,-10.2441259045,-2.49468487889,7.15461614751,-12.6736727162,
794,2010,seismic. observ data.,1080,11.6553927783,7.32125536119,-10.2441259045,-2.49468487889,7.15461614751,-12.6736727162,
795,2010,condit. transfer function use local materi distribut.,947,-8.76522099648,-7.37317782767,-6.01991059329,-0.419001563472,-4.39711671586,-5.7328703971,
795,2010,condit. transfer function use local materi distribut.,911,-8.76522099648,-7.37317782767,-6.01991059329,-0.419001563472,-4.39711671586,-5.7328703971,
795,2010,condit. transfer function use local materi distribut.,1057,-8.76522099648,-7.37317782767,-6.01991059329,-0.419001563472,-4.39711671586,-5.7328703971,
795,2010,condit. transfer function use local materi distribut.,1682,-8.76522099648,-7.37317782767,-6.01991059329,-0.419001563472,-4.39711671586,-5.7328703971,
795,2010,condit. transfer function use local materi distribut.,1191,-8.76522099648,-7.37317782767,-6.01991059329,-0.419001563472,-4.39711671586,-5.7328703971,
795,2010,condit. transfer function use local materi distribut.,1915,-8.76522099648,-7.37317782767,-6.01991059329,-0.419001563472,-4.39711671586,-5.7328703971,
795,2010,condit. transfer function use local materi distribut.,949,-8.76522099648,-7.37317782767,-6.01991059329,-0.419001563472,-4.39711671586,-5.7328703971,
795,2010,condit. transfer function use local materi distribut.,1065,-8.76522099648,-7.37317782767,-6.01991059329,-0.419001563472,-4.39711671586,-5.7328703971,
795,2010,condit. transfer function use local materi distribut.,1659,-8.76522099648,-7.37317782767,-6.01991059329,-0.419001563472,-4.39711671586,-5.7328703971,
795,2010,condit. transfer function use local materi distribut.,2057,-8.76522099648,-7.37317782767,-6.01991059329,-0.419001563472,-4.39711671586,-5.7328703971,
795,2010,condit. transfer function use local materi distribut.,1291,-8.76522099648,-7.37317782767,-6.01991059329,-0.419001563472,-4.39711671586,-5.7328703971,
796,2010,relativist visual. local ray trace.,2003,-13.5449403669,0.602787987976,-5.12043774888,-7.70383690452,2.71647239613,-8.37612332967,
797,2010,streak line. tangent curv. deriv vector. field.,1170,-12.3583816815,-21.4933332172,1.97732278675,-0.469828105938,-0.845324953654,-7.88992257365,
797,2010,streak line. tangent curv. deriv vector. field.,1378,-12.3583816815,-21.4933332172,1.97732278675,-0.469828105938,-0.845324953654,-7.88992257365,
797,2010,streak line. tangent curv. deriv vector. field.,1163,-12.3583816815,-21.4933332172,1.97732278675,-0.469828105938,-0.845324953654,-7.88992257365,
797,2010,streak line. tangent curv. deriv vector. field.,927,-12.3583816815,-21.4933332172,1.97732278675,-0.469828105938,-0.845324953654,-7.88992257365,
797,2010,streak line. tangent curv. deriv vector. field.,1168,-12.3583816815,-21.4933332172,1.97732278675,-0.469828105938,-0.845324953654,-7.88992257365,
797,2010,streak line. tangent curv. deriv vector. field.,1591,-12.3583816815,-21.4933332172,1.97732278675,-0.469828105938,-0.845324953654,-7.88992257365,
797,2010,streak line. tangent curv. deriv vector. field.,1048,-12.3583816815,-21.4933332172,1.97732278675,-0.469828105938,-0.845324953654,-7.88992257365,
797,2010,streak line. tangent curv. deriv vector. field.,950,-12.3583816815,-21.4933332172,1.97732278675,-0.469828105938,-0.845324953654,-7.88992257365,
797,2010,streak line. tangent curv. deriv vector. field.,1381,-12.3583816815,-21.4933332172,1.97732278675,-0.469828105938,-0.845324953654,-7.88992257365,
797,2010,streak line. tangent curv. deriv vector. field.,2105,-12.3583816815,-21.4933332172,1.97732278675,-0.469828105938,-0.845324953654,-7.88992257365,
797,2010,streak line. tangent curv. deriv vector. field.,2593,-12.3583816815,-21.4933332172,1.97732278675,-0.469828105938,-0.845324953654,-7.88992257365,
797,2010,streak line. tangent curv. deriv vector. field.,1066,-12.3583816815,-21.4933332172,1.97732278675,-0.469828105938,-0.845324953654,-7.88992257365,
797,2010,streak line. tangent curv. deriv vector. field.,1165,-12.3583816815,-21.4933332172,1.97732278675,-0.469828105938,-0.845324953654,-7.88992257365,
798,2010,superquadr glyph. symmetr second-ord.,2112,-10.2889759526,-12.3726830842,3.57115477417,-3.45584542078,3.92959914536,-13.2531028224,
798,2010,superquadr glyph. symmetr second-ord.,1281,-10.2889759526,-12.3726830842,3.57115477417,-3.45584542078,3.92959914536,-13.2531028224,
798,2010,superquadr glyph. symmetr second-ord.,2209,-10.2889759526,-12.3726830842,3.57115477417,-3.45584542078,3.92959914536,-13.2531028224,
798,2010,superquadr glyph. symmetr second-ord.,1316,-10.2889759526,-12.3726830842,3.57115477417,-3.45584542078,3.92959914536,-13.2531028224,
798,2010,superquadr glyph. symmetr second-ord.,2644,-10.2889759526,-12.3726830842,3.57115477417,-3.45584542078,3.92959914536,-13.2531028224,
798,2010,superquadr glyph. symmetr second-ord.,946,-10.2889759526,-12.3726830842,3.57115477417,-3.45584542078,3.92959914536,-13.2531028224,
798,2010,superquadr glyph. symmetr second-ord.,1317,-10.2889759526,-12.3726830842,3.57115477417,-3.45584542078,3.92959914536,-13.2531028224,
798,2010,superquadr glyph. symmetr second-ord.,944,-10.2889759526,-12.3726830842,3.57115477417,-3.45584542078,3.92959914536,-13.2531028224,
798,2010,superquadr glyph. symmetr second-ord.,782,-10.2889759526,-12.3726830842,3.57115477417,-3.45584542078,3.92959914536,-13.2531028224,
798,2010,superquadr glyph. symmetr second-ord.,2529,-10.2889759526,-12.3726830842,3.57115477417,-3.45584542078,3.92959914536,-13.2531028224,
798,2010,superquadr glyph. symmetr second-ord.,1672,-10.2889759526,-12.3726830842,3.57115477417,-3.45584542078,3.92959914536,-13.2531028224,
798,2010,superquadr glyph. symmetr second-ord.,2501,-10.2889759526,-12.3726830842,3.57115477417,-3.45584542078,3.92959914536,-13.2531028224,
798,2010,superquadr glyph. symmetr second-ord.,2299,-10.2889759526,-12.3726830842,3.57115477417,-3.45584542078,3.92959914536,-13.2531028224,
798,2010,superquadr glyph. symmetr second-ord.,1829,-10.2889759526,-12.3726830842,3.57115477417,-3.45584542078,3.92959914536,-13.2531028224,
798,2010,superquadr glyph. symmetr second-ord.,1714,-10.2889759526,-12.3726830842,3.57115477417,-3.45584542078,3.92959914536,-13.2531028224,
798,2010,superquadr glyph. symmetr second-ord.,1441,-10.2889759526,-12.3726830842,3.57115477417,-3.45584542078,3.92959914536,-13.2531028224,
798,2010,superquadr glyph. symmetr second-ord.,1576,-10.2889759526,-12.3726830842,3.57115477417,-3.45584542078,3.92959914536,-13.2531028224,
798,2010,superquadr glyph. symmetr second-ord.,1269,-10.2889759526,-12.3726830842,3.57115477417,-3.45584542078,3.92959914536,-13.2531028224,
799,2010,supin. prone colon registr use. map.,1419,6.92569957665,-5.64889667638,-4.63153700728,-5.65448938481,-0.56893998824,-4.07825217959,
799,2010,supin. prone colon registr use. map.,1266,6.92569957665,-5.64889667638,-4.63153700728,-5.65448938481,-0.56893998824,-4.07825217959,
799,2010,supin. prone colon registr use. map.,1571,6.92569957665,-5.64889667638,-4.63153700728,-5.65448938481,-0.56893998824,-4.07825217959,
799,2010,supin. prone colon registr use. map.,1300,6.92569957665,-5.64889667638,-4.63153700728,-5.65448938481,-0.56893998824,-4.07825217959,
800,2010,tangeom. geospati model system.,2049,4.13715007153,1.23985913553,-8.55755791324,-3.42367523583,1.34237060943,2.84646935401,
801,2010,two-phas map. massiv data.,1737,9.49331219456,4.62851997364,-7.5271472099,-6.65966567622,5.03818060493,-9.38164928687,
801,2010,two-phas map. massiv data.,2327,9.49331219456,4.62851997364,-7.5271472099,-6.65966567622,5.03818060493,-9.38164928687,
801,2010,two-phas map. massiv data.,969,9.49331219456,4.62851997364,-7.5271472099,-6.65966567622,5.03818060493,-9.38164928687,
801,2010,two-phas map. massiv data.,916,9.49331219456,4.62851997364,-7.5271472099,-6.65966567622,5.03818060493,-9.38164928687,
801,2010,two-phas map. massiv data.,1494,9.49331219456,4.62851997364,-7.5271472099,-6.65966567622,5.03818060493,-9.38164928687,
801,2010,two-phas map. massiv data.,1094,9.49331219456,4.62851997364,-7.5271472099,-6.65966567622,5.03818060493,-9.38164928687,
801,2010,two-phas map. massiv data.,977,9.49331219456,4.62851997364,-7.5271472099,-6.65966567622,5.03818060493,-9.38164928687,
801,2010,two-phas map. massiv data.,1735,9.49331219456,4.62851997364,-7.5271472099,-6.65966567622,5.03818060493,-9.38164928687,
802,2010,uncertainty-awar guid. volum. segment.,1393,-13.304777916,11.388897391,-5.70585767045,0.0434186645583,1.64713351848,-6.67636939948,
802,2010,uncertainty-awar guid. volum. segment.,1691,-13.304777916,11.388897391,-5.70585767045,0.0434186645583,1.64713351848,-6.67636939948,
802,2010,uncertainty-awar guid. volum. segment.,949,-13.304777916,11.388897391,-5.70585767045,0.0434186645583,1.64713351848,-6.67636939948,
802,2010,uncertainty-awar guid. volum. segment.,1205,-13.304777916,11.388897391,-5.70585767045,0.0434186645583,1.64713351848,-6.67636939948,
802,2010,uncertainty-awar guid. volum. segment.,1414,-13.304777916,11.388897391,-5.70585767045,0.0434186645583,1.64713351848,-6.67636939948,
802,2010,uncertainty-awar guid. volum. segment.,1679,-13.304777916,11.388897391,-5.70585767045,0.0434186645583,1.64713351848,-6.67636939948,
803,2010,vdvr. verifi volum. visual.,2090,-13.8781243626,10.3584312933,-2.67925824222,-3.29187611483,-4.41466593493,-5.71442072133,
803,2010,vdvr. verifi volum. visual.,2672,-13.8781243626,10.3584312933,-2.67925824222,-3.29187611483,-4.41466593493,-5.71442072133,
803,2010,vdvr. verifi volum. visual.,951,-13.8781243626,10.3584312933,-2.67925824222,-3.29187611483,-4.41466593493,-5.71442072133,
803,2010,vdvr. verifi volum. visual.,1286,-13.8781243626,10.3584312933,-2.67925824222,-3.29187611483,-4.41466593493,-5.71442072133,
803,2010,vdvr. verifi volum. visual.,2474,-13.8781243626,10.3584312933,-2.67925824222,-3.29187611483,-4.41466593493,-5.71442072133,
803,2010,vdvr. verifi volum. visual.,1566,-13.8781243626,10.3584312933,-2.67925824222,-3.29187611483,-4.41466593493,-5.71442072133,
803,2010,vdvr. verifi volum. visual.,924,-13.8781243626,10.3584312933,-2.67925824222,-3.29187611483,-4.41466593493,-5.71442072133,
804,2010,streamlin. vector.,1415,-16.6877736285,-20.17162116,-1.58581565921,2.11935924358,0.848796440613,-12.7879950027,
804,2010,streamlin. vector.,1193,-16.6877736285,-20.17162116,-1.58581565921,2.11935924358,0.848796440613,-12.7879950027,
804,2010,streamlin. vector.,2515,-16.6877736285,-20.17162116,-1.58581565921,2.11935924358,0.848796440613,-12.7879950027,
804,2010,streamlin. vector.,1801,-16.6877736285,-20.17162116,-1.58581565921,2.11935924358,0.848796440613,-12.7879950027,
804,2010,streamlin. vector.,1270,-16.6877736285,-20.17162116,-1.58581565921,2.11935924358,0.848796440613,-12.7879950027,
804,2010,streamlin. vector.,1959,-16.6877736285,-20.17162116,-1.58581565921,2.11935924358,0.848796440613,-12.7879950027,
804,2010,streamlin. vector.,2170,-16.6877736285,-20.17162116,-1.58581565921,2.11935924358,0.848796440613,-12.7879950027,
804,2010,streamlin. vector.,1381,-16.6877736285,-20.17162116,-1.58581565921,2.11935924358,0.848796440613,-12.7879950027,
804,2010,streamlin. vector.,1361,-16.6877736285,-20.17162116,-1.58581565921,2.11935924358,0.848796440613,-12.7879950027,
804,2010,streamlin. vector.,914,-16.6877736285,-20.17162116,-1.58581565921,2.11935924358,0.848796440613,-12.7879950027,
805,2010,explor. high dimension scalar.,1589,1.37339985676,5.37858258334,-5.86013800536,-0.465772497238,-0.602983693213,-11.1986151869,
805,2010,explor. high dimension scalar.,1201,1.37339985676,5.37858258334,-5.86013800536,-0.465772497238,-0.602983693213,-11.1986151869,
805,2010,explor. high dimension scalar.,1319,1.37339985676,5.37858258334,-5.86013800536,-0.465772497238,-0.602983693213,-11.1986151869,
805,2010,explor. high dimension scalar.,1166,1.37339985676,5.37858258334,-5.86013800536,-0.465772497238,-0.602983693213,-11.1986151869,
805,2010,explor. high dimension scalar.,1199,1.37339985676,5.37858258334,-5.86013800536,-0.465772497238,-0.602983693213,-11.1986151869,
805,2010,explor. high dimension scalar.,1427,1.37339985676,5.37858258334,-5.86013800536,-0.465772497238,-0.602983693213,-11.1986151869,
806,2010,optim. stabil analysi.,1295,10.3796972302,0.410534522446,-7.87176943421,-2.52635306974,5.20128067609,-15.1553635495,
806,2010,optim. stabil analysi.,1361,10.3796972302,0.410534522446,-7.87176943421,-2.52635306974,5.20128067609,-15.1553635495,
806,2010,optim. stabil analysi.,1430,10.3796972302,0.410534522446,-7.87176943421,-2.52635306974,5.20128067609,-15.1553635495,
807,2010,visual. proxi. novel framework. defer interact. volum.,1191,-7.23240146459,10.828499983,-7.99264443324,-1.57759350204,-0.276272356197,-6.31253633487,
807,2010,visual. proxi. novel framework. defer interact. volum.,2353,-7.23240146459,10.828499983,-7.99264443324,-1.57759350204,-0.276272356197,-6.31253633487,
807,2010,visual. proxi. novel framework. defer interact. volum.,1827,-7.23240146459,10.828499983,-7.99264443324,-1.57759350204,-0.276272356197,-6.31253633487,
808,2010,flow. use. render. warp curv plot.,917,4.32525783231,-11.3117163098,-0.993927708807,-1.31095392672,-2.13172267981,0.61176809703,
808,2010,flow. use. render. warp curv plot.,1433,4.32525783231,-11.3117163098,-0.993927708807,-1.31095392672,-2.13172267981,0.61176809703,
808,2010,flow. use. render. warp curv plot.,826,4.32525783231,-11.3117163098,-0.993927708807,-1.31095392672,-2.13172267981,0.61176809703,
808,2010,flow. use. render. warp curv plot.,1081,4.32525783231,-11.3117163098,-0.993927708807,-1.31095392672,-2.13172267981,0.61176809703,
809,2010,volumetr model. laser bph therapi simul.,1716,4.60330203624,0.298067327314,-8.88990396548,-1.69791237247,3.5132620927,-16.8571933779,
809,2010,volumetr model. laser bph therapi simul.,1680,4.60330203624,0.298067327314,-8.88990396548,-1.69791237247,3.5132620927,-16.8571933779,
810,2010,world line.,1752,-4.73913300198,-3.46241637019,-3.31859994158,-1.90349646535,7.46416527283,-13.731209283,
810,2010,world line.,1457,-4.73913300198,-3.46241637019,-3.31859994158,-1.90349646535,7.46416527283,-13.731209283,
810,2010,world line.,2077,-4.73913300198,-3.46241637019,-3.31859994158,-1.90349646535,7.46416527283,-13.731209283,
810,2010,world line.,1356,-4.73913300198,-3.46241637019,-3.31859994158,-1.90349646535,7.46416527283,-13.731209283,
810,2010,world line.,955,-4.73913300198,-3.46241637019,-3.31859994158,-1.90349646535,7.46416527283,-13.731209283,
810,2010,world line.,2550,-4.73913300198,-3.46241637019,-3.31859994158,-1.90349646535,7.46416527283,-13.731209283,
810,2010,world line.,1055,-4.73913300198,-3.46241637019,-3.31859994158,-1.90349646535,7.46416527283,-13.731209283,
810,2010,world line.,1084,-4.73913300198,-3.46241637019,-3.31859994158,-1.90349646535,7.46416527283,-13.731209283,
810,2010,world line.,2165,-4.73913300198,-3.46241637019,-3.31859994158,-1.90349646535,7.46416527283,-13.731209283,
